time(sec) , VMT_Front_Tires/wheel_force:L/Tire Force/Longitudinal_RF_Global(N) , VMT_Front_Tires/wheel_force:L/Tire Force/Lateral_RF_Global(N) , VMT_Front_Tires/wheel_force:L/Tire Force/Vertical_RF_Global(N) , VMT_Front_Tires/wheel_force:L/Tire Torque/Overturning_RF_Global(N*mm) , VMT_Front_Tires/wheel_force:L/Tire Torque/Rolling resistance_RF_Global(N*mm) , VMT_Front_Tires/wheel_force:L/Tire Torque/Aligning_RF_Global(N*mm) , VMT_Front_Tires/wheel_force:L/Tire Force/Longitudinal_RF_Vehicle(N) , VMT_Front_Tires/wheel_force:L/Tire Force/Lateral_RF_Vehicle(N) , VMT_Front_Tires/wheel_force:L/Tire Force/Vertical_RF_Vehicle(N) , VMT_Front_Tires/wheel_force:L/Tire Torque/Overturning_RF_Vehicle(N*mm) , VMT_Front_Tires/wheel_force:L/Tire Torque/Rolling resistance_RF_Vehicle(N*mm) , VMT_Front_Tires/wheel_force:L/Tire Torque/Aligning_RF_Vehicle(N*mm)
0.00000000 , -2.82289752e+004 , -6.88217352e+002 , 4.26603952e+004 , 6.75990059e+004 , -5.33696006e+005 , 1.73212529e+005 , -2.82289752e+004 , -6.88217352e+002 , 4.26603952e+004 , 6.75990059e+004 , -5.33696006e+005 , 1.73212529e+005
0.01000000 , 4.19245203e+003 , -1.05621420e+003 , 6.55572974e+003 , -8.02177200e+004 , -8.32920196e+005 , -4.32830482e+004 , 4.19510110e+003 , -1.05558789e+003 , 6.55405713e+003 , -8.02113537e+004 , -8.32926278e+005 , -4.31849891e+004
0.02000000 , -1.88813673e+003 , 5.77615937e+002 , -5.02656034e+002 , -2.07379568e+005 , -4.87255021e+004 , -2.04365127e+005 , -1.88819454e+003 , 5.77812673e+002 , -5.01980571e+002 , -2.07433791e+005 , -4.86615620e+004 , -2.04312498e+005
0.03000000 , 3.47429300e+003 , -1.29072546e+003 , 1.48385192e+003 , 3.00435272e+005 , 9.70442818e+005 , 3.02047248e+005 , 3.47285800e+003 , -1.29205737e+003 , 1.48633909e+003 , 2.99899444e+005 , 9.70084198e+005 , 3.03712457e+005
0.04000000 , -1.57117479e+003 , -5.10781326e+002 , 1.45613679e+003 , 3.24642008e+005 , -6.42112889e+005 , -2.94619986e+005 , -1.57682175e+003 , -5.15348003e+002 , 1.44899883e+003 , 3.25862855e+005 , -6.41193782e+005 , -2.95292529e+005
0.05000000 , -5.20312121e+001 , 6.17789232e+002 , 7.44992095e+002 , -2.46450845e+005 , -3.42379069e+004 , 2.98824787e+005 , -5.72114737e+001 , 6.14600321e+002 , 7.47685714e+002 , -2.48626915e+005 , -3.56713601e+004 , 2.96903774e+005
0.06000000 , 2.49567103e+003 , 5.07966668e+002 , 3.14257275e+003 , -3.53346253e+004 , 3.67729163e+005 , -2.48619137e+004 , 2.45860469e+003 , 4.92774077e+002 , 3.17415967e+003 , -3.53304968e+004 , 3.67788759e+005 , -2.32873691e+004
0.07000000 , 1.86621353e+003 , 1.96200864e+003 , 7.24448954e+003 , -3.31085090e+005 , 2.47209620e+005 , 7.04463864e+004 , 1.74910908e+003 , 1.92474868e+003 , 7.28341518e+003 , -3.32436320e+005 , 2.46469163e+005 , 6.64763717e+004
0.08000000 , -1.58643568e+003 , 7.60936596e+002 , 7.24593176e+003 , 2.02202511e+005 , -2.17939814e+005 , -1.56740456e+005 , -1.73038212e+003 , 7.23567802e+002 , 7.21697274e+003 , 2.05675401e+005 , -2.16798072e+005 , -1.53745256e+005
0.09000000 , -7.22769182e+002 , 1.19066612e+003 , 3.51966034e+003 , 2.50326149e+002 , -7.25367881e+004 , -2.82327429e+004 , -8.07057301e+002 , 1.17330373e+003 , 3.50705772e+003 , 1.08395551e+003 , -7.24087327e+004 , -2.85364086e+004
0.10000000 , 5.56075638e+002 , 5.26982897e+002 , 8.78176470e+002 , -4.95916734e+004 , 1.13044566e+005 , 6.13505568e+004 , 5.30204091e+002 , 5.24185590e+002 , 8.94588294e+002 , -5.15006116e+004 , 1.12659222e+005 , 6.06229728e+004
0.11000000 , -1.71399006e+002 , -4.95725025e+002 , 6.95463124e+002 , 1.19744934e+005 , -7.52885802e+004 , 2.07702489e+004 , -1.90566392e+002 , -5.00369884e+002 , 6.87253896e+002 , 1.19315319e+005 , -7.50504424e+004 , 2.39881669e+004
0.12000000 , -1.61220190e+002 , 1.92647924e+002 , 4.67483825e+002 , -7.61693564e+004 , -5.58671076e+004 , 3.20964613e+004 , -1.76215403e+002 , 1.89032150e+002 , 4.63308745e+002 , -7.69977565e+004 , -5.63060561e+004 , 2.92436501e+004
0.13000000 , 6.68266509e+001 , 3.85221014e+002 , 3.59040966e+002 , -1.57642958e+005 , 1.16380364e+004 , 2.11470413e+004 , 5.34538947e+001 , 3.83220721e+002 , 3.63794641e+002 , -1.58328164e+005 , 1.09722763e+004 , 1.55197712e+004
0.14000000 , 2.56945481e+002 , 4.10418929e+002 , 3.82042152e+003 , 7.44924655e+000 , 3.00035476e+004 , -2.39759018e+004 , 1.18335422e+002 , 3.82122252e+002 , 3.83083189e+003 , 8.06389530e+002 , 3.01728198e+004 , -2.38190650e+004
0.15000000 , -3.61101122e+002 , 2.72131811e+001 , 5.13367382e+003 , -1.63501700e+005 , -5.59181349e+004 , -8.80213485e+004 , -5.52291728e+002 , -1.32997989e+001 , 5.11727476e+003 , -1.59771181e+005 , -5.58704170e+004 , -9.46613897e+004
0.16000000 , -3.29417844e+002 , -7.90404031e+002 , 3.45596941e+003 , 1.85977155e+004 , -3.10391768e+004 , -6.04286188e+004 , -4.55832056e+002 , -8.16351604e+002 , 3.43535284e+003 , 2.10676204e+004 , -3.05393569e+004 , -6.00172325e+004
0.17000000 , 4.28255711e+002 , -5.08472656e+002 , 1.01702587e+003 , 2.66994895e+004 , 6.33419537e+004 , 4.81924145e+004 , 3.92517370e+002 , -5.13427080e+002 , 1.03036126e+003 , 2.45606609e+004 , 6.31208218e+004 , 4.94381028e+004
0.18000000 , -1.62053703e+002 , 3.69257771e+002 , 5.50077871e+002 , -4.92948287e+004 , -4.03749481e+004 , 1.30612134e+004 , -1.83272808e+002 , 3.64803414e+002 , 5.46229788e+002 , -4.95887426e+004 , -4.06844762e+004 , 1.09652525e+004
0.19000000 , 2.24452393e+001 , 1.71741151e+002 , 4.91006213e+002 , -1.21436120e+005 , 2.35233412e+003 , 4.33380961e+004 , 4.63392360e+000 , 1.69068658e+002 , 4.92046890e+002 , -1.22815143e+005 , 1.54899570e+003 , 3.86470299e+004
0.20000000 , 2.19647965e+002 , -1.17337357e+002 , 1.86833610e+003 , -1.35006868e+004 , 3.32700303e+004 , 1.23973758e+004 , 1.55847877e+002 , -1.26709902e+002 , 1.87453996e+003 , -1.40591915e+004 , 3.31321672e+004 , 1.21836644e+004
0.21000000 , 2.56175681e+002 , 2.02780767e+001 , 2.43428040e+003 , -1.77439016e+005 , 5.68700207e+004 , -1.81017978e+004 , 1.74924283e+002 , 8.23726725e+000 , 2.44150383e+003 , -1.76970469e+005 , 5.62577625e+004 , -2.35748575e+004
0.22000000 , -1.40346001e+002 , -6.28241304e+002 , 3.06287343e+003 , -3.40510119e+004 , 5.30546360e+003 , -3.73575031e+004 , -2.30732067e+002 , -6.45638037e+002 , 3.05306748e+003 , -3.29249803e+004 , 5.36339874e+003 , -3.84591257e+004
0.23000000 , 6.06144178e+001 , -7.22262580e+002 , 2.01007858e+003 , -2.87682945e+004 , 7.03480175e+003 , -8.67305301e+002 , 1.02566294e+001 , -7.33069742e+002 , 2.00706689e+003 , -2.87556629e+004 , 6.92805198e+003 , -1.60042624e+003
0.24000000 , 2.05114255e+002 , -5.80824059e+002 , 1.39654138e+003 , -5.79885888e+004 , 6.82570397e+004 , 3.83497729e+004 , 1.75350740e+002 , -5.87850305e+002 , 1.39733326e+003 , -5.91086464e+004 , 6.78348603e+004 , 3.73871269e+004
0.25000000 , 5.23178194e+002 , -4.67994673e+002 , 3.02871441e+003 , -1.24467830e+005 , 3.45165444e+003 , 4.29411699e+004 , 4.66641912e+002 , -4.81545440e+002 , 3.03541185e+003 , -1.25246636e+005 , 2.78835363e+003 , 4.06918127e+004
0.26000000 , -5.61156341e+002 , -9.63017799e+002 , 5.79476671e+003 , -1.28570555e+005 , -1.00483405e+005 , -6.24047662e+004 , -6.39369493e+002 , -9.89006141e+002 , 5.78218517e+003 , -1.27342898e+005 , -1.00637819e+005 , -6.46113776e+004
0.27000000 , -1.23783723e+003 , -1.40172148e+003 , 6.21231465e+003 , -9.61755135e+004 , -2.24163003e+005 , -1.03283328e+005 , -1.29594955e+003 , -1.42273023e+003 , 6.19572219e+003 , -9.45106442e+004 , -2.24164491e+005 , -1.04866850e+005
0.28000000 , 1.66455278e+002 , -1.67557813e+003 , 3.59015888e+003 , -1.00396287e+005 , 5.51287995e+004 , -2.92959850e+003 , 1.49339948e+002 , -1.68025961e+003 , 3.58881665e+003 , -1.00514973e+005 , 5.48811813e+004 , -3.46446846e+003
0.29000000 , 3.34998984e+002 , -1.22446943e+003 , 2.86751767e+003 , 2.50900095e+004 , 6.87650501e+003 , 1.33498345e+004 , 3.31463950e+002 , -1.22417024e+003 , 2.86805719e+003 , 2.50577801e+004 , 6.93004503e+003 , 1.34057601e+004
0.30000000 , 2.47409100e+001 , -8.59161533e+002 , 2.68424004e+003 , 2.19692301e+004 , 1.77979957e+004 , 2.59983261e+004 , 2.94622240e+001 , -8.57266500e+002 , 2.68480793e+003 , 2.19722718e+004 , 1.78519934e+004 , 2.59645216e+004
0.31000000 , 1.12996447e+002 , -2.26380955e+002 , 3.33848917e+003 , -6.62361685e+004 , -9.51281886e+003 , 3.02080348e+004 , 1.26544506e+002 , -2.23193234e+002 , 3.33821866e+003 , -6.61013685e+004 , -9.58318795e+003 , 3.04778545e+004
0.32000000 , -2.40988558e+001 , -5.85641007e+001 , 3.85459454e+003 , -1.21097469e+005 , 3.78066147e+004 , -3.37886031e+003 , -5.18376665e-001 , -5.69474527e+001 , 3.85462355e+003 , -1.21144011e+005 , 3.76831351e+004 , -2.65285423e+003
0.33000000 , 1.48140539e+002 , 5.75712322e+000 , 2.79554366e+003 , 5.68513313e+003 , 4.51797624e+003 , 1.28424790e+004 , 1.70025432e+002 , 4.28507009e+000 , 2.79425855e+003 , 5.78995478e+003 , 4.51295769e+003 , 1.27997422e+004
0.34000000 , 6.69528599e+001 , 1.78082781e+002 , 2.39637595e+003 , -1.28078720e+004 , 5.86080937e+004 , -1.32391948e+003 , 8.97751838e+001 , 1.74973713e+002 , 2.39589204e+003 , -1.28512566e+004 , 5.86026175e+004 , -1.12194615e+003
0.35000000 , 6.33107585e+002 , 3.08988261e+002 , 3.73662722e+003 , -3.53968677e+004 , -3.21830602e+004 , 1.07169817e+003 , 6.73913859e+002 , 3.04411714e+002 , 3.72976133e+003 , -3.53739976e+004 , -3.22039908e+004 , 1.43240575e+003
0.36000000 , -6.37149360e+002 , 1.18563008e+002 , 8.85646967e+003 , -1.03009812e+005 , -1.80562040e+005 , -8.45228617e+004 , -5.21334216e+002 , 1.15750195e+002 , 8.86334712e+003 , -1.04027017e+005 , -1.80598659e+005 , -8.32096352e+004
0.37000000 , -2.58005849e+003 , -8.48471408e+002 , 8.14291711e+003 , -6.17847610e+004 , -4.33722132e+005 , -1.43110688e+005 , -2.46234348e+003 , -8.37519081e+002 , 8.18208876e+003 , -6.36437473e+004 , -4.33965953e+005 , -1.41326018e+005
0.38000000 , 3.22079032e+002 , -3.00637499e+002 , 4.11888035e+003 , -1.76731699e+005 , 2.77207760e+004 , -3.82589460e+004 , 3.85599005e+002 , -2.87682014e+002 , 4.11441776e+003 , -1.77263751e+005 , 2.75799881e+004 , -3.55568690e+004
0.39000000 , 2.40682085e+002 , -1.43482537e+002 , 1.67309558e+003 , 7.40451109e+004 , -1.36259906e+004 , 4.75549655e+004 , 2.65958290e+002 , -1.36507457e+002 , 1.66929929e+003 , 7.47797829e+004 , -1.34483712e+004 , 4.65967203e+004
0.40000000 , 5.39889195e+002 , -2.17202085e+002 , 1.88794747e+003 , 7.26050732e+004 , 1.10831148e+005 , 1.10181212e+004 , 5.66598619e+002 , -2.09190226e+002 , 1.88117863e+003 , 7.28518980e+004 , 1.10810583e+005 , 9.51549175e+003
0.41000000 , 5.83057529e+002 , 4.37337649e+002 , 3.33236000e+003 , -7.69248470e+004 , 9.43674143e+004 , 9.80172236e+003 , 6.24182986e+002 , 4.48963713e+002 , 3.32340277e+003 , -7.66869243e+004 , 9.44953861e+004 , 1.03853139e+004
0.42000000 , -5.33634592e+000 , 8.96125710e+002 , 4.82992445e+003 , -4.60567452e+004 , 1.74901536e+004 , -4.35905490e+003 , 4.51368795e+001 , 9.09505722e+002 , 4.82746552e+003 , -4.60722420e+004 , 1.75484070e+004 , -3.92499914e+003
0.43000000 , -3.46700686e+002 , 8.22825424e+002 , 4.93428058e+003 , -6.55472123e+004 , -1.49371430e+005 , -6.64166945e+003 , -3.05914623e+002 , 8.32773256e+002 , 4.93530152e+003 , -6.58387967e+004 , -1.49277191e+005 , -5.82716287e+003
0.44000000 , -5.83546539e+002 , 8.11366278e+002 , 4.03716205e+003 , 1.30839984e+003 , -1.11029977e+005 , -9.06132388e+003 , -5.59652247e+002 , 8.17891931e+002 , 4.03921947e+003 , 1.07937932e+003 , -1.11043124e+005 , -8.91541623e+003
0.45000000 , 2.28141456e+002 , 6.23057814e+002 , 1.65484203e+003 , 1.81499454e+004 , 7.70718835e+004 , -7.96106605e+003 , 2.33610694e+002 , 6.24558578e+002 , 1.65350278e+003 , 1.82526960e+004 , 7.70373451e+004 , -8.08974052e+003
0.46000000 , 3.01766399e+002 , 2.76423923e+002 , 1.86711214e+003 , 8.98449241e+004 , 9.74386594e+004 , -2.19714726e+004 , 3.01805805e+002 , 2.77904216e+002 , 1.86694751e+003 , 8.99923874e+004 , 9.72782919e+004 , -2.20356577e+004
0.47000000 , 6.53395152e+001 , 5.62669646e+002 , 3.42607955e+003 , -4.65398449e+004 , -5.27749876e+004 , 3.59391467e+004 , 5.61897665e+001 , 5.65730289e+002 , 3.42573339e+003 , -4.67144788e+004 , -5.26790491e+004 , 3.58487262e+004
0.48000000 , -2.71800399e+002 , 6.23154901e+002 , 4.72340913e+003 , 1.48688456e+004 , -3.98137803e+004 , -4.70066338e+004 , -2.96169092e+002 , 6.28611814e+002 , 4.72125913e+003 , 1.50777806e+004 , -3.98828880e+004 , -4.68841506e+004
0.49000000 , -5.48094095e+002 , 1.31109923e+002 , 4.69635159e+003 , 7.15792888e+004 , -1.66038703e+005 , -2.44638326e+003 , -5.83182451e+002 , 1.37957685e+002 , 4.69178150e+003 , 7.14551562e+004 , -1.66107337e+005 , -1.67689967e+003
0.50000000 , -6.18384410e+002 , -1.27626127e+002 , 3.43951571e+003 , 1.04162834e+005 , -1.44075443e+005 , 6.04634494e+003 , -6.52563291e+002 , -1.22642940e+002 , 3.43333838e+003 , 1.04000061e+005 , -1.44147397e+005 , 7.25678996e+003
0.51000000 , -5.55707864e+001 , 1.96656630e+002 , 2.44153061e+003 , 1.02934331e+005 , -4.01575325e+004 , 2.73420281e+004 , -8.60626538e+001 , 1.98173796e+002 , 2.44033103e+003 , 1.02553604e+005 , -4.02043056e+004 , 2.86669253e+004
0.52000000 , 1.12650844e+002 , -3.71775426e+001 , 2.33299717e+003 , 9.88490393e+004 , 4.46383646e+004 , 6.00953476e+003 , 7.61210252e+001 , -3.88754334e+001 , 2.33449009e+003 , 9.87259771e+004 , 4.46032079e+004 , 7.60828589e+003
0.53000000 , 2.45605212e+002 , 2.73563658e+002 , 2.02382590e+003 , 4.34965974e+004 , 3.32479816e+004 , 8.26049979e+003 , 2.07497913e+002 , 2.69112280e+002 , 2.02888557e+003 , 4.33256822e+004 , 3.32354946e+004 , 9.14532033e+003
0.54000000 , -7.61104048e+001 , 2.91193037e+002 , 1.73341594e+003 , 9.93202748e+003 , 1.05370798e+004 , 2.66139052e+003 , -1.13327812e+002 , 2.85400795e+002 , 1.73243634e+003 , 9.86732625e+003 , 1.05328646e+004 , 2.90685636e+003
0.55000000 , 1.57378424e+002 , 3.17368263e+002 , 1.43366742e+003 , -7.07428626e+003 , 1.59791021e+004 , 9.09428545e+003 , 1.23037397e+002 , 3.11945235e+002 , 1.43833063e+003 , -7.30067471e+003 , 1.59401353e+004 , 8.98962445e+003
0.56000000 , -7.48454755e+001 , 3.82941821e+002 , 3.07656962e+003 , 4.70470952e+004 , -1.45388464e+004 , -2.35734765e+004 , -1.56528301e+002 , 3.70346671e+002 , 3.07504536e+003 , 4.76732301e+004 , -1.43873188e+004 , -2.23953771e+004
0.57000000 , -1.60849475e+002 , -8.45368094e+001 , 3.59639615e+003 , -3.48407684e+003 , -4.03137171e+004 , -1.03864795e+004 , -2.63232831e+002 , -9.76871556e+001 , 3.58983909e+003 , -3.10483419e+003 , -4.02722791e+004 , -1.06156576e+004
0.58000000 , 6.45634166e+001 , -2.61838219e+002 , 2.55910326e+003 , 2.60306005e+004 , 2.88595219e+004 , -8.88131008e+003 , -1.23857103e+001 , -2.68798861e+002 , 2.55912825e+003 , 2.62469223e+004 , 2.89387514e+004 , -7.98528303e+003
0.59000000 , -3.13403220e+001 , -6.47670880e+001 , 7.52162256e+002 , 2.60587912e+004 , -6.02403649e+003 , 3.72012490e+004 , -5.58361251e+001 , -6.63351652e+001 , 7.49973608e+002 , 2.48912931e+004 , -6.03709444e+003 , 3.79754739e+004
0.60000000 , 1.32503140e+002 , 1.35772966e+002 , 5.10865531e+002 , -6.31176178e+004 , 4.41043203e+004 , 4.82492625e+003 , 1.14808652e+002 , 1.35270060e+002 , 5.15273826e+002 , -6.33456346e+004 , 4.39497511e+004 , 2.75500644e+003
0.61000000 , -3.17847637e+001 , 5.21643366e+001 , 3.37314407e+002 , -1.96843157e+004 , -1.41728315e+004 , 1.91847747e+004 , -4.24868607e+001 , 5.16649486e+001 , 3.36624458e+002 , -2.02932296e+004 , -1.42437576e+004 , 1.84832184e+004
0.62000000 , 1.68605752e+002 , 9.57383677e+001 , 1.40258099e+003 , -1.70577455e+004 , 1.10704661e+004 , 1.06407458e+004 , 1.20563732e+002 , 9.41583045e+001 , 1.40761859e+003 , -1.74325705e+004 , 1.10154816e+004 , 1.00626289e+004
0.63000000 , 1.97515169e+002 , -4.68700754e+001 , 3.46389249e+003 , -7.52589771e+004 , 6.50547618e+003 , -1.94743207e+004 , 8.36541936e+001 , -5.01503351e+001 , 3.46906162e+003 , -7.46100883e+004 , 6.34504466e+003 , -2.19272382e+004
0.64000000 , -3.21020782e+002 , -6.11033361e+002 , 3.94579383e+003 , -5.23573895e+004 , -3.05751903e+004 , -4.09626908e+004 , -4.44259480e+002 , -6.11586840e+002 , 3.93357554e+003 , -5.09301743e+004 , -3.07058486e+004 , -4.26364218e+004
0.65000000 , 6.15573391e+002 , -8.44639849e+002 , 3.35288192e+003 , 3.05208956e+004 , 8.25683218e+004 , 2.32583383e+004 , 5.14023907e+002 , -8.36980670e+002 , 3.37181781e+003 , 2.95890304e+004 , 8.26883935e+004 , 2.40212253e+004
0.66000000 , -4.00500491e+002 , -1.00116213e+003 , 3.64907139e+003 , 1.17709501e+004 , -7.31356757e+004 , -1.42410532e+004 , -5.06774592e+002 , -9.88454652e+002 , 3.63931097e+003 , 1.23795592e+004 , -7.31458946e+004 , -1.35957997e+004
0.67000000 , -1.05989157e+002 , -1.30353730e+003 , 2.93380785e+003 , 3.18166536e+004 , -3.99564320e+004 , 4.98438052e+004 , -1.87650553e+002 , -1.28647690e+003 , 2.93738738e+003 , 3.04757259e+004 , -3.95360073e+004 , 5.09758923e+004
0.68000000 , -1.88261596e+002 , -1.00724253e+003 , 3.04800744e+003 , -1.07649698e+005 , -2.19606039e+004 , -4.01062697e+002 , -2.70747535e+002 , -9.82626620e+002 , 3.04981997e+003 , -1.07505558e+005 , -2.23785843e+004 , -3.26702371e+003
0.69000000 , 2.06606321e+002 , -6.23827569e+002 , 2.79196614e+003 , 7.16220588e+004 , 1.02797232e+004 , 3.80335285e+004 , 1.34802464e+002 , -5.94339351e+002 , 2.80276390e+003 , 7.05428086e+004 , 1.10001311e+004 , 3.98085080e+004
0.70000000 , 3.79260904e+001 , -3.06815687e+002 , 4.02664344e+003 , 3.23979422e+004 , 3.15941863e+004 , -3.92554623e+003 , -5.82286323e+001 , -2.60608632e+002 , 4.02967258e+003 , 3.23347630e+004 , 3.17179494e+004 , -3.52409188e+003
0.71000000 , 4.11020727e+002 , -2.33626823e+002 , 4.56091077e+003 , 4.11898972e+004 , 4.57621353e+004 , 1.23294517e+004 , 3.13875924e+002 , -1.75503007e+002 , 4.57114035e+003 , 4.06752176e+004 , 4.61011113e+004 , 1.27025088e+004
0.72000000 , -2.21350329e+002 , -2.62325200e+002 , 5.26958831e+003 , -5.40264328e+004 , -2.34070696e+004 , -7.89810982e+003 , -3.20348285e+002 , -1.97742645e+002 , 5.26728806e+003 , -5.37105724e+004 , -2.37961984e+004 , -8.62657519e+003
0.73000000 , -6.90564166e+002 , -3.79776603e+002 , 5.61711684e+003 , -2.26313362e+004 , -2.05547633e+005 , -3.83176697e+004 , -7.84131191e+002 , -3.14440144e+002 , 5.60888587e+003 , -2.08095742e+004 , -2.06131731e+005 , -3.60500349e+004
0.74000000 , 1.92986001e+001 , -4.05979129e+002 , 4.63019911e+003 , -1.10708792e+005 , 1.25521107e+005 , -2.66133144e+004 , -5.00769706e+001 , -3.49861971e+002 , 4.63452177e+003 , -1.10983949e+005 , 1.24544955e+005 , -2.96845300e+004
0.75000000 , 4.61772315e+002 , -2.94007542e+002 , 3.90535226e+003 , -9.03606468e+004 , 2.20089663e+004 , 1.67580642e+004 , 4.08176191e+002 , -2.45806557e+002 , 3.91471201e+003 , -9.07337583e+004 , 2.16686284e+004 , 1.53273765e+004
0.76000000 , -2.48835240e+002 , -2.01278305e+001 , 4.93835915e+003 , -5.03868933e+004 , -3.88782057e+004 , -4.85972853e+004 , -3.13045638e+002 , 3.33159248e+001 , 4.93461731e+003 , -4.95221858e+004 , -3.97171057e+004 , -4.88200961e+004
0.77000000 , 1.29575434e+002 , -8.11470643e+000 , 4.86420346e+003 , -6.81909720e+004 , -1.46003963e+003 , -3.77799398e+003 , 7.06042739e+001 , 4.31591430e+001 , 4.86517625e+003 , -6.81367353e+004 , -1.94025427e+003 , -4.60452772e+003
0.78000000 , 3.65086694e+001 , 9.70461738e+001 , 4.91870623e+003 , -1.95129482e+004 , 2.61184261e+004 , -5.39864281e+003 , -2.19268643e+001 , 1.43931554e+002 , 4.91801929e+003 , -1.96094710e+004 , 2.59355170e+004 , -5.87909946e+003
0.79000000 , -1.83362444e+002 , 2.44414962e+002 , 3.96519242e+003 , -5.68003150e+004 , -1.55396687e+003 , -1.35289940e+004 , -2.31630194e+002 , 2.78501182e+002 , 3.96038933e+003 , -5.66237243e+004 , -2.04621744e+003 , -1.41955467e+004
0.80000000 , -8.96735188e+001 , 3.02060994e+002 , 2.97198064e+003 , -1.47750371e+005 , -7.22518596e+004 , -1.51977449e+003 , -1.28320700e+002 , 3.28100646e+002 , 2.96796039e+003 , -1.47241242e+005 , -7.32407205e+004 , -2.68047531e+003
0.81000000 , -1.67013951e+001 , 4.26800834e+002 , 2.63506259e+003 , -1.03164980e+005 , 4.22643050e+003 , -1.97129132e+004 , -5.35598413e+001 , 4.51062971e+002 , 2.63046494e+003 , -1.02904042e+005 , 3.36347189e+003 , -2.10722872e+004
0.82000000 , 2.72810870e+002 , 3.96240749e+002 , 2.69142087e+003 , -1.12255178e+005 , -1.43447163e+004 , 2.06714560e+004 , 2.35136079e+002 , 4.23550033e+002 , 2.69072302e+003 , -1.12441673e+005 , -1.48698539e+004 , 1.93050809e+004
0.83000000 , -1.29396112e+001 , 3.90730420e+002 , 4.69985422e+003 , -1.30626630e+005 , 3.50968194e+003 , -4.52977519e+004 , -7.94274293e+001 , 4.33836407e+002 , 4.69547706e+003 , -1.30023864e+005 , 2.28363190e+003 , -4.71126922e+004
0.84000000 , -4.71635061e+002 , 5.98979159e+002 , 5.02970119e+003 , -1.38410090e+005 , -1.15561844e+005 , -2.88145043e+004 , -5.43547057e+002 , 6.38663703e+002 , 5.01723408e+003 , -1.37333408e+005 , -1.16619621e+005 , -2.97235037e+004
0.85000000 , -3.10918807e+002 , 4.47144838e+001 , 3.68213945e+003 , -6.20524082e+004 , -2.33934885e+004 , -8.68357569e+004 , -3.61709435e+002 , 7.17748077e+001 , 3.67699894e+003 , -6.07293501e+004 , -2.44491339e+004 , -8.74979326e+004
0.86000000 , 2.17776337e+002 , -1.08773961e+002 , 2.91519554e+003 , -5.17022777e+004 , -4.24277653e+003 , 2.88713106e+004 , 1.78604063e+002 , -8.61133453e+001 , 2.91856602e+003 , -5.20606990e+004 , -4.31597821e+003 , 2.81999833e+004
0.87000000 , -3.38886978e+001 , 2.82787853e+001 , 2.54279276e+003 , -2.72203057e+004 , 8.94954935e+003 , -1.95110514e+004 , -6.93176725e+001 , 4.65205271e+001 , 2.54205882e+003 , -2.69764110e+004 , 8.68631338e+003 , -1.99470702e+004
0.88000000 , -3.44817728e+000 , 1.83697152e+002 , 2.95621497e+003 , -7.76998074e+004 , -3.05984149e+004 , 3.85126726e+004 , -4.73537013e+001 , 2.06008498e+002 , 2.95444521e+003 , -7.80662217e+004 , -3.07365688e+004 , 3.76242325e+004
0.89000000 , -1.96972894e+002 , 4.68489804e+002 , 3.16982377e+003 , -4.66324224e+004 , 1.95793218e+003 , -4.54482687e+004 , -2.47786045e+002 , 4.93074247e+002 , 3.16256526e+003 , -4.59384845e+004 , 1.32638865e+003 , -4.61610663e+004
0.90000000 , 6.82586686e+001 , 4.69538307e+002 , 3.11249994e+003 , -2.27827826e+004 , -1.69819822e+004 , 1.01981966e+004 , 1.70824149e+001 , 4.96508649e+002 , 3.10888011e+003 , -2.28384079e+004 , -1.70188090e+004 , 9.99383014e+003
0.91000000 , -3.84744999e+001 , 3.17515048e+002 , 2.26648854e+003 , 2.65129254e+004 , 1.45359475e+004 , -3.71830748e+004 , -7.52266107e+001 , 3.36628204e+002 , 2.26288111e+003 , 2.70117789e+004 , 1.43737159e+004 , -3.68857836e+004
0.92000000 , 1.06333459e+002 , 2.26851684e+002 , 8.27189138e+002 , -4.19138874e+004 , 1.55381898e+004 , 2.89009237e+004 , 9.21657935e+001 , 2.34399095e+002 , 8.26554007e+002 , -4.24383985e+004 , 1.55307992e+004 , 2.80740881e+004
0.93000000 , 1.11844790e+002 , 1.39712180e+002 , 1.13661355e+003 , -7.27706343e+003 , 2.70316773e+004 , 2.39613369e+004 , 9.33574070e+001 , 1.48674506e+002 , 1.13713572e+003 , -7.78928416e+003 , 2.71831601e+004 , 2.36560608e+004
0.94000000 , 6.41076874e+001 , 4.40264542e+002 , 1.47234617e+003 , -1.19480998e+005 , 2.37497872e+004 , 6.78074067e+003 , 3.82506123e+001 , 4.52508957e+002 , 1.46957585e+003 , -1.19707224e+005 , 2.31178947e+004 , 4.69329181e+003
0.95000000 , -3.92222241e+001 , 4.60146733e+002 , 3.15165539e+003 , -3.24507834e+004 , 5.48955074e+003 , -9.68785985e+003 , -9.29582275e+001 , 4.90970655e+002 , 3.14567181e+003 , -3.23177412e+004 , 5.19732595e+003 , -1.02785231e+004
0.96000000 , 1.09256247e+002 , 2.46342695e+002 , 3.43467872e+003 , -7.66634696e+004 , 1.09252303e+004 , -4.34554255e+004 , 5.24096772e+001 , 2.89889561e+002 , 3.43266368e+003 , -7.60154894e+004 , 9.90891011e+003 , -4.48619385e+004
0.97000000 , -1.31197041e+002 , -1.54656341e+002 , 3.58805151e+003 , -5.25237872e+004 , -3.76889900e+003 , -2.80275749e+004 , -1.85869683e+002 , -1.01154394e+002 , 3.58773214e+003 , -5.20580971e+004 , -4.51709546e+003 , -2.87715228e+004
0.98000000 , 1.15021499e+002 , -3.86610662e+002 , 2.76244271e+003 , -1.72336602e+004 , 1.64252094e+004 , -3.69810486e+003 , 7.70313960e+001 , -3.37725123e+002 , 2.77030288e+003 , -1.72922551e+004 , 1.62449576e+004 , -4.22992580e+003
0.99000000 , 2.48129195e+002 , -4.36375973e+002 , 2.66764504e+003 , -5.27465008e+004 , 7.32280333e+004 , 2.32328813e+004 , 2.14652014e+002 , -3.84292573e+002 , 2.67858049e+003 , -5.35361422e+004 , 7.33154801e+004 , 2.11118990e+004
1.00000000 , 1.03917175e+002 , -2.40843128e+002 , 2.31090272e+003 , -2.70690534e+004 , 1.94343842e+004 , 3.26001788e+004 , 7.50663226e+001 , -1.93709831e+002 , 2.31629044e+003 , -2.76157697e+004 , 1.99088840e+004 , 3.17519053e+004
1.01000000 , 1.16300223e+002 , -1.86183769e+002 , 3.91597386e+003 , -8.76324234e+004 , 3.74975500e+004 , -3.17843809e+003 , 6.61466537e+001 , -1.02564451e+002 , 3.92024877e+003 , -8.78170249e+004 , 3.68205483e+004 , -5.16377630e+003
1.02000000 , -3.64825844e+002 , -3.07121453e+002 , 4.47473759e+003 , -1.35184867e+004 , -8.40461779e+004 , -1.08294350e+004 , -4.20512692e+002 , -2.11696881e+002 , 4.47555081e+003 , -1.28089258e+004 , -8.43455708e+004 , -9.07845494e+003
1.03000000 , -6.42895883e+002 , -2.60533942e+002 , 3.60821754e+003 , -2.76651449e+002 , -1.10983815e+005 , -4.27747714e+002 , -6.88197336e+002 , -1.84772615e+002 , 3.60450822e+003 , 4.55001832e+002 , -1.10961929e+005 , 2.09471790e+003
1.04000000 , 3.26395579e+002 , -2.89680515e+002 , 1.90991042e+003 , 1.83377305e+004 , 8.30000811e+004 , 9.31601519e+003 , 3.03433637e+002 , -2.44561045e+002 , 1.92004563e+003 , 1.76613877e+004 , 8.33150626e+004 , 7.85976340e+003
1.05000000 , 1.29890032e+002 , -2.04978326e+002 , 1.80856166e+003 , -2.25070013e+004 , 1.27795499e+004 , 6.26594137e+003 , 1.07861767e+002 , -1.64139379e+002 , 1.81416498e+003 , -2.26644241e+004 , 1.27531687e+004 , 5.70497832e+003
1.06000000 , 1.19706552e+002 , -6.38190922e+001 , 1.60284023e+003 , -1.95887962e+004 , 9.94816834e+003 , 1.02162468e+004 , 9.98044343e+001 , -2.88610096e+001 , 1.60522587e+003 , -1.97823946e+004 , 1.00271992e+004 , 9.76696491e+003
1.07000000 , -9.80445759e+000 , 1.00239843e+002 , 1.88059907e+003 , 3.76586755e+003 , -1.91671993e+004 , 2.03485340e+004 , -3.40509525e+001 , 1.39506472e+002 , 1.87784147e+003 , 3.63764244e+003 , -1.87142192e+004 , 2.08552418e+004
1.08000000 , 1.59769864e+002 , 1.62676870e+002 , 3.24371032e+003 , 4.39734594e+004 , -8.93745190e+003 , 3.91798303e+002 , 1.19793714e+002 , 2.29992690e+002 , 3.24143328e+003 , 4.40087171e+004 , -8.61327125e+003 , 1.07905519e+003
1.09000000 , -1.01116857e+003 , -3.77068838e+002 , 4.45239602e+003 , 6.31127735e+004 , -2.16430735e+005 , -3.86641422e+004 , -1.05849998e+003 , -2.92389719e+002 , 4.44992863e+003 , 6.50874852e+004 , -2.16704236e+005 , -3.34351576e+004
1.10000000 , -1.26679441e+002 , -7.39833139e+002 , 3.37170171e+003 , 4.50175702e+004 , 1.53014022e+004 , 1.27255064e+003 , -1.56671983e+002 , -6.69236617e+002 , 3.38509841e+003 , 4.49528487e+004 , 1.56636708e+004 , 1.41742271e+003
1.11000000 , 2.15221871e+002 , -5.04503879e+002 , 2.41216444e+003 , -3.12967173e+004 , -2.76597179e+003 , -1.22980000e+003 , 1.95721834e+002 , -4.51665302e+002 , 2.42453730e+003 , -3.12489310e+004 , -3.04722545e+003 , -1.46178584e+003
1.12000000 , 1.33501720e+002 , -4.02948221e+002 , 2.16681574e+003 , 1.82757988e+004 , 2.15558183e+004 , 2.53966201e+004 , 1.17486756e+002 , -3.54929982e+002 , 2.17610647e+003 , 1.78666561e+004 , 2.22555166e+004 , 2.50898822e+004
1.13000000 , -3.15643456e+002 , -2.72614085e+002 , 3.80270731e+003 , -2.94138494e+004 , -1.20217406e+005 , -1.29336936e+003 , -3.45158421e+002 , -1.89856182e+002 , 3.80516241e+003 , -2.83727290e+004 , -1.20496408e+005 , 1.16290585e+003
1.14000000 , -4.96319100e+002 , -1.95544603e+002 , 4.46743819e+003 , 1.59519262e+004 , -6.98922410e+004 , 2.66730451e+003 , -5.31468582e+002 , -9.49650023e+001 , 4.46657528e+003 , 1.65508456e+004 , -6.96582531e+004 , 4.43597794e+003
1.15000000 , 2.89209977e+001 , -1.08499649e+002 , 4.43398660e+003 , 8.92361148e+003 , -1.53411253e+004 , 1.48835072e+003 , -8.11347910e+000 , 2.21298919e+000 , 4.43558968e+003 , 9.05382604e+003 , -1.52163224e+004 , 1.91702093e+003
1.16000000 , -3.29527877e+002 , -1.69504080e+001 , 3.49771642e+003 , 7.33116994e+004 , -5.14613017e+004 , 4.99699010e+003 , -3.61685148e+002 , 7.24527538e+001 , 3.49382747e+003 , 7.37892173e+004 , -5.05569735e+004 , 6.96409010e+003
1.17000000 , 2.68470971e+002 , -1.12744538e+001 , 2.20959965e+003 , 5.42204928e+004 , 2.69821472e+004 , 2.41761327e+004 , 2.46810034e+002 , 5.10156045e+001 , 2.21161601e+003 , 5.37174772e+004 , 2.81789830e+004 , 2.39246693e+004
1.18000000 , 1.33813606e+002 , 1.03180148e+002 , 1.67123137e+003 , -1.76170403e+004 , 1.34569189e+004 , 1.10913170e+004 , 1.15521932e+002 , 1.49166683e+002 , 1.66920595e+003 , -1.78441292e+004 , 1.35615741e+004 , 1.05471389e+004
1.19000000 , 1.72480608e+002 , 8.11252087e+001 , 2.11105542e+003 , -3.23613551e+003 , 1.22525408e+004 , -1.85527735e+003 , 1.49398796e+002 , 1.38287014e+002 , 2.10968798e+003 , -3.33744714e+003 , 1.21544348e+004 , -2.19962194e+003
1.20000000 , 4.69093261e+001 , 1.86387527e+002 , 4.74859824e+003 , 7.27800155e+002 , 7.29685308e+004 , -1.53974398e+004 , -3.00532810e+000 , 3.06988670e+002 , 4.74235492e+003 , 7.95286758e+001 , 7.25587681e+004 , -1.71912853e+004
1.21000000 , 5.49681721e+001 , -2.35915941e+002 , 5.65033705e+003 , -3.07031987e+004 , -3.88065579e+004 , -3.07059968e+004 , 2.79532649e+000 , -9.49955584e+001 , 5.65519065e+003 , -2.99605206e+004 , -3.99228322e+004 , -3.00214382e+004
1.22000000 , -1.06313864e+003 , -2.14301043e+002 , 4.61644186e+003 , -4.55843266e+004 , -1.40457109e+005 , -4.69530173e+004 , -1.10597151e+003 , -1.13173728e+002 , 4.60982319e+003 , -4.33656542e+004 , -1.42139450e+005 , -4.38886117e+004
1.23000000 , 1.67872401e+002 , -3.45145207e+002 , 2.82125631e+003 , -4.54089119e+004 , 2.84870226e+004 , 1.45919530e+004 , 1.42288396e+002 , -2.73749739e+002 , 2.83044764e+003 , -4.58374065e+004 , 2.82541426e+004 , 1.33266026e+004
1.24000000 , 2.10436352e+002 , -3.42149262e+002 , 1.52585870e+003 , -1.16817677e+004 , 5.27819805e+004 , 1.79427511e+004 , 1.97349915e+002 , -3.03525210e+002 , 1.53598000e+003 , -1.25496432e+004 , 5.30503545e+004 , 1.65458636e+004
1.25000000 , -2.06454353e+002 , 1.56205230e+002 , 1.13446278e+003 , -4.27438966e+003 , -7.59181605e+004 , 2.67959162e+004 , -2.22980928e+002 , 1.78268058e+002 , 1.12839160e+003 , -3.68584124e+003 , -7.53594901e+004 , 2.84397782e+004
1.26000000 , 1.88551886e+002 , 2.79368431e+002 , 2.21752109e+003 , -3.99677645e+004 , 5.84348647e+004 , -2.98115759e+003 , 1.55176421e+002 , 3.30194138e+002 , 2.21330931e+003 , -4.08550383e+004 , 5.78179367e+004 , -4.84055189e+003
1.27000000 , 6.47033269e+002 , 4.14539928e+002 , 4.25372609e+003 , 6.23918978e+003 , 5.80457425e+004 , 8.24427540e+003 , 5.81569438e+002 , 5.16995830e+002 , 4.25213459e+003 , 5.30468908e+003 , 5.82661419e+004 , 7.08085170e+003
1.28000000 , -9.84324903e+002 , 6.99936801e+002 , 5.82483281e+003 , 4.89527155e+004 , -1.87337131e+005 , -3.50403984e+004 , -1.07941510e+003 , 8.18606376e+002 , 5.79279593e+003 , 5.18688678e+004 , -1.87557951e+005 , -3.00043195e+004
1.29000000 , -3.37522829e+002 , -1.26958203e+002 , 4.37168090e+003 , 1.16461697e+005 , -6.34932738e+004 , 1.85673467e+004 , -4.02755472e+002 , -2.79804829e+001 , 4.36800459e+003 , 1.16828186e+005 , -6.13811181e+004 , 2.17806016e+004
1.30000000 , 2.09582623e+002 , -4.13745125e+002 , 2.51754464e+003 , 3.41241512e+004 , 8.07794881e+004 , 1.18829848e+004 , 1.75413074e+002 , -3.52078565e+002 , 2.52926459e+003 , 3.28259462e+004 , 8.13863640e+004 , 1.04704039e+004
1.31000000 , 1.37860977e+002 , -1.25217820e+002 , 1.02102037e+003 , 3.43404442e+004 , 3.63550072e+004 , 4.02391624e+004 , 1.22238907e+002 , -9.91899789e+001 , 1.02584751e+003 , 3.31786212e+004 , 3.77923346e+004 , 3.99320902e+004
1.32000000 , 8.36159676e+001 , 1.00487729e+002 , 1.61396546e+003 , -6.10198719e+004 , 1.00610760e+004 , 1.78405794e+004 , 5.34995525e+001 , 1.38300676e+002 , 1.61237086e+003 , -6.14695523e+004 , 9.65732432e+003 , 1.65261202e+004
1.33000000 , 7.62531167e+000 , 2.42086053e+002 , 2.19068667e+003 , -1.11172574e+003 , 5.58598986e+003 , 2.49289876e+003 , -3.65278083e+001 , 2.94894833e+002 , 2.18391800e+003 , -1.24336704e+003 , 5.64087981e+003 , 2.30089481e+003
1.34000000 , -2.27381337e+002 , 4.15533696e+002 , 3.69436177e+003 , -6.97738261e+003 , -1.13310895e+005 , 1.10387004e+003 , -3.04667370e+002 , 5.02651533e+002 , 3.67726518e+003 , -5.46835293e+003 , -1.13341373e+005 , 3.92057755e+003
1.35000000 , 2.35008042e+001 , 1.43269589e+002 , 4.47189007e+003 , 2.24254888e+004 , -4.47156630e+004 , -2.91634813e+004 , -6.68758809e+001 , 2.70278047e+002 , 4.46560684e+003 , 2.35935567e+004 , -4.52042787e+004 , -2.77192685e+004
1.36000000 , -4.68201243e+002 , -1.31532577e+002 , 3.93436266e+003 , 7.51334948e+004 , -1.19175799e+005 , -1.10651952e+004 , -5.44021028e+002 , -1.86693959e+001 , 3.92693733e+003 , 7.68430595e+004 , -1.18407748e+005 , -5.90474639e+003
1.37000000 , 1.22517579e+002 , -3.96130455e+002 , 2.26231026e+003 , 8.56095743e+004 , 4.86326332e+004 , 2.23734912e+004 , 8.26700040e+001 , -3.23204934e+002 , 2.27596699e+003 , 8.46236219e+004 , 5.04366676e+004 , 2.22896486e+004
1.38000000 , 1.64384147e+002 , -7.62275392e+001 , 2.10609296e+003 , -7.15269403e+003 , -1.39304673e+004 , 1.59864451e+004 , 1.23205141e+002 , -5.52982753e+000 , 2.11084389e+003 , -7.25569311e+003 , -1.34949501e+004 , 1.62811801e+004
1.39000000 , 7.47908461e+001 , 8.23715569e+001 , 4.14176052e+003 , -1.43696685e+004 , -1.03088990e+004 , 2.18641929e+003 , -7.81166330e+000 , 2.23858370e+002 , 4.13759390e+003 , -1.42768044e+004 , -1.03882391e+004 , 2.30491636e+003
1.40000000 , -1.15602022e+003 , 1.56687689e+002 , 5.46482603e+003 , 4.66856199e+004 , -2.53032088e+005 , 1.93339540e+003 , -1.26574711e+003 , 3.39146951e+002 , 5.43185385e+003 , 4.97829452e+004 , -2.52178331e+005 , 1.19783396e+004
1.41000000 , -8.80870737e+001 , -1.78536265e+002 , 5.03752942e+003 , 5.36990929e+004 , -9.49652220e+003 , -1.40399345e+004 , -1.84910181e+002 , 1.29562272e+001 , 5.03804774e+003 , 5.41126330e+004 , -9.35242211e+003 , -1.27078388e+004
1.42000000 , 8.23635632e+001 , -9.47842500e+001 , 3.85716953e+003 , 4.32545313e+004 , -1.67917965e+004 , 2.62463246e+003 , 8.55971773e+000 , 6.01396356e+001 , 3.85863292e+003 , 4.34040256e+004 , -1.61230513e+004 , 4.14021236e+003
1.43000000 , -8.07371132e+001 , -2.19246349e+002 , 2.92928294e+003 , 7.33480013e+004 , 8.37578113e+003 , -3.74390179e+003 , -1.34409271e+002 , -1.01477583e+002 , 2.93331673e+003 , 7.33001103e+004 , 9.14551231e+003 , -2.71217489e+003
1.44000000 , 1.69992417e+002 , -7.91910571e+001 , 2.68573923e+003 , -2.11046626e+004 , 4.76909551e+003 , 2.12634185e+004 , 1.19815771e+002 , 3.04842323e+001 , 2.68930409e+003 , -2.15522701e+004 , 5.34776038e+003 , 2.06401407e+004
1.45000000 , 1.17648407e+002 , 1.53268673e+002 , 2.49414759e+003 , -3.54640348e+004 , 3.17999655e+004 , 1.75361851e+003 , 6.98611552e+001 , 2.52049928e+002 , 2.48855740e+003 , -3.58794600e+004 , 3.14036730e+004 , -1.33099092e+002
1.46000000 , 3.23179109e+001 , 4.48393235e+002 , 3.65246075e+003 , -2.77516734e+004 , -3.94953574e+004 , 1.42553579e+004 , -3.86888439e+001 , 5.89528164e+002 , 3.63234613e+003 , -2.75249259e+004 , -3.91853265e+004 , 1.52945874e+004
1.47000000 , -3.61981100e+002 , 5.19113562e+002 , 4.51917169e+003 , -5.80113171e+004 , -3.07935422e+004 , -3.62017602e+004 , -4.45945917e+002 , 6.86934893e+002 , 4.48916987e+003 , -5.70154718e+004 , -3.28841601e+004 , -3.60012945e+004
1.48000000 , 1.11090140e+002 , 1.18750262e+002 , 4.28377430e+003 , -2.69053615e+004 , 6.31235944e+003 , -1.69131354e+004 , 4.06437542e+001 , 2.80608389e+002 , 4.27751001e+003 , -2.67040558e+004 , 5.33648162e+003 , -1.75599811e+004
1.49000000 , -2.16817756e+001 , -2.73830226e+002 , 3.55074540e+003 , -2.67741366e+004 , -8.01667927e+002 , -2.40759756e+004 , -7.12310583e+001 , -1.51012022e+002 , 3.55756940e+003 , -2.64008595e+004 , -2.00428500e+003 , -2.44132291e+004
1.50000000 , 2.93486790e+002 , -1.98086815e+002 , 3.13201181e+003 , -5.96016561e+003 , 1.26258720e+004 , 1.37655073e+004 , 2.52548502e+002 , -9.08980196e+001 , 3.14081015e+003 , -6.31137368e+003 , 1.30018987e+004 , 1.32398383e+004
1.51000000 , -1.48638021e+002 , -1.40149593e+002 , 3.65135090e+003 , -4.15527950e+004 , 7.18653083e+003 , -1.26060750e+004 , -1.94358497e+002 , -3.33801681e+001 , 3.65178352e+003 , -4.14672689e+004 , 6.34434245e+003 , -1.33352822e+004
1.52000000 , 6.23377109e+001 , 9.13682281e+001 , 4.52038239e+003 , -6.80652402e+004 , -3.37103421e+004 , 7.88729391e+003 , 5.24876157e+000 , 2.11507501e+002 , 4.51686981e+003 , -6.77596164e+004 , -3.42536784e+004 , 7.95231835e+003
1.53000000 , -4.08036951e+002 , 1.14265834e+001 , 5.03850465e+003 , -5.62796652e+004 , -3.54938743e+004 , -4.37173976e+004 , -4.67387262e+002 , 1.27677107e+002 , 5.03119459e+003 , -5.53319253e+004 , -3.72301047e+004 , -4.34875842e+004
1.54000000 , 4.43620202e+001 , -4.53103237e+002 , 4.93417239e+003 , -6.51453577e+003 , -2.51472078e+004 , 1.08198063e+004 , -5.71433164e+000 , -3.40959802e+002 , 4.94305520e+003 , -6.34154682e+003 , -2.50456668e+004 , 1.13100905e+004
1.55000000 , -2.04097081e+002 , -3.63440486e+002 , 4.67449363e+003 , 2.43906895e+004 , 1.57505892e+004 , -1.31451688e+004 , -2.49631733e+002 , -2.66900745e+002 , 4.67927797e+003 , 2.43311099e+004 , 1.57758297e+004 , -1.32283458e+004
1.56000000 , 7.60791152e+001 , -3.21262718e+002 , 2.97005279e+003 , 4.90248431e+004 , 4.89914327e+004 , 3.32339731e+004 , 4.90035507e+001 , -2.62021720e+002 , 2.97651566e+003 , 4.81161141e+004 , 5.01650079e+004 , 3.27655703e+004
1.57000000 , 2.79885409e+002 , -5.55015749e+001 , 3.02122310e+003 , -3.06846398e+003 , 2.16266048e+004 , -3.92891538e+003 , 2.50091315e+002 , -6.80947813e-003 , 3.02440533e+003 , -3.28702304e+003 , 2.15196902e+004 , -4.32297219e+003
1.58000000 , 6.94652162e+001 , -8.27888279e+001 , 3.07842664e+003 , -1.15948411e+003 , 3.94763494e+004 , -6.99083839e+003 , 3.77287370e+001 , -3.63167083e+001 , 3.07981719e+003 , -1.56809890e+003 , 3.93650082e+004 , -7.59302904e+003
1.59000000 , -1.32933423e+001 , 4.62458344e+002 , 3.85743666e+003 , -4.99856248e+004 , -3.92419408e+004 , 7.17104101e+003 , -6.31655989e+001 , 5.13656415e+002 , 3.85042429e+003 , -4.95814694e+004 , -3.97600660e+004 , 7.12606131e+003
1.60000000 , -9.63146636e+001 , 3.39423739e+002 , 3.77481630e+003 , -5.90748159e+004 , -1.80588911e+004 , -4.03609676e+004 , -1.47738216e+002 , 3.87196273e+002 , 3.76849500e+003 , -5.83400713e+004 , -1.93165878e+004 , -4.08489352e+004
1.61000000 , -8.73143455e+001 , 4.23091739e+002 , 3.31756825e+003 , -8.12096945e+004 , -3.82259342e+004 , 4.43887845e+003 , -1.37524756e+002 , 4.66598633e+002 , 3.31005960e+003 , -8.07960403e+004 , -3.91546506e+004 , 3.86533249e+003
1.62000000 , 5.20238784e+001 , 3.43584869e+002 , 2.88376539e+003 , -4.33943154e+004 , 2.49546092e+004 , -3.70822279e+004 , 5.60389460e+000 , 3.83626995e+002 , 2.87897471e+003 , -4.31319163e+004 , 2.39197269e+004 , -3.80562275e+004
1.63000000 , 7.88099050e+001 , 2.14984433e+002 , 3.06354882e+003 , -1.03863512e+005 , -3.02787059e+004 , 7.26411573e+002 , 2.87205549e+001 , 2.57204956e+002 , 3.06114979e+003 , -1.03503856e+005 , -3.14887521e+004 , -4.73825809e+002
1.64000000 , -6.16027046e+001 , 2.46524635e+002 , 3.00526810e+003 , -1.30625939e+005 , 4.11667784e+004 , -4.45515781e+004 , -1.12618296e+002 , 2.86114900e+002 , 3.00028350e+003 , -1.30391061e+005 , 3.90745627e+004 , -4.71484500e+004
1.65000000 , 8.01898642e+001 , 2.08224960e+002 , 4.25720482e+003 , -9.35475879e+004 , -4.77045212e+004 , -5.02759266e+003 , 8.14419912e+000 , 2.69172334e+002 , 4.25469959e+003 , -9.29187046e+004 , -4.88442535e+004 , -5.81418670e+003
1.66000000 , -8.25726812e+002 , -7.87666695e+000 , 4.95687702e+003 , -6.57853619e+004 , -1.18191194e+005 , -9.20114358e+004 , -9.08718394e+002 , 6.17291259e+001 , 4.94260597e+003 , -6.29528162e+004 , -1.20313940e+005 , -9.11776439e+004
1.67000000 , -4.37550522e+000 , 8.73270074e+002 , 4.40807902e+003 , -8.69505426e+004 , -1.81917034e+004 , -9.78989734e+003 , -9.21520482e+001 , 9.54771682e+002 , 4.39012206e+003 , -8.65857906e+004 , -1.94190200e+004 , -1.09967098e+004
1.68000000 , 1.33274673e+002 , 4.59638968e+002 , 3.07660614e+003 , 6.72999780e+004 , 5.93076704e+004 , -1.48176604e+004 , 6.99723778e+001 , 5.25528362e+002 , 3.06806097e+003 , 6.68820355e+004 , 5.97247070e+004 , -1.48344679e+004
1.69000000 , 1.61357019e+002 , 4.02847633e+002 , 2.31557794e+003 , -1.32339077e+004 , 4.44860913e+004 , 1.64646153e+004 , 1.09926708e+002 , 4.56085826e+002 , 2.30865026e+003 , -1.40479790e+004 , 4.47079931e+004 , 1.52182014e+004
1.70000000 , -1.92818227e+002 , 4.05149227e+002 , 3.07527897e+003 , -1.57264354e+003 , -3.26894113e+004 , -1.22509360e+004 , -2.63303754e+002 , 4.73989068e+002 , 3.06014140e+003 , -9.60499086e+002 , -3.29785330e+004 , -1.13521214e+004
1.71000000 , 7.39772149e+001 , 4.39515938e+002 , 2.75647418e+003 , -7.17596844e+004 , 4.22040923e+004 , -2.46743611e+003 , 7.71860963e+000 , 5.05218988e+002 , 2.74633219e+003 , -7.21490950e+004 , 4.13647686e+004 , -5.02643541e+003
1.72000000 , 9.78050883e+001 , 5.19476277e+002 , 2.89218578e+003 , -5.31546251e+004 , -6.38925072e+004 , 1.14152575e+004 , 2.62623823e+001 , 5.89655149e+002 , 2.88048189e+003 , -5.27696894e+004 , -6.41685803e+004 , 1.17635968e+004
1.73000000 , -2.94734940e+002 , 4.95252247e+002 , 2.64364869e+003 , -6.92033225e+003 , -1.80860433e+004 , -2.53407875e+004 , -3.60770914e+002 , 5.56886304e+002 , 2.62302120e+003 , -6.15614079e+003 , -1.87933356e+004 , -2.50593671e+004
1.74000000 , 6.39843555e+001 , 5.15210439e+002 , 2.16524823e+003 , 1.29433919e+004 , -9.02843446e+003 , 3.19094237e+004 , 8.80979694e+000 , 5.69360850e+002 , 2.15247912e+003 , 1.22743742e+004 , -8.11685482e+003 , 3.23945084e+004
1.75000000 , 1.65425491e+002 , 1.93379840e+002 , 1.79750185e+003 , 4.66369377e+004 , 3.52325128e+004 , -1.21530064e+004 , 1.22569701e+002 , 2.38546514e+002 , 1.79521324e+003 , 4.65654479e+004 , 3.53549253e+004 , -1.19882524e+004
1.76000000 , -2.16057193e+002 , 5.43302061e+000 , 2.80620266e+003 , 7.54965917e+004 , -6.58392158e+004 , 4.92601481e+003 , -2.78497216e+002 , 6.94810588e+001 , 2.79980998e+003 , 7.59008325e+004 , -6.50044219e+004 , 8.14735103e+003
1.77000000 , -1.41860642e+001 , -3.81754549e+001 , 2.73085305e+003 , 1.45404555e+005 , -4.66130764e+003 , 9.44575922e+003 , -7.19236404e+001 , 2.23943874e+001 , 2.73011464e+003 , 1.45202342e+005 , -3.23445828e+003 , 1.26607051e+004
1.78000000 , -8.70776006e+001 , -3.84249639e+002 , 3.62117035e+003 , 5.10271203e+004 , -3.80361240e+004 , -1.40045229e+004 , -1.56528664e+002 , -3.09751548e+002 , 3.62600393e+003 , 5.15805165e+004 , -3.79185991e+004 , -1.21913248e+004
1.79000000 , -1.68328470e+002 , -6.16517840e+002 , 2.66520811e+003 , 1.07459140e+005 , -1.19238517e+004 , 1.55943986e+004 , -2.14655533e+002 , -5.63630632e+002 , 2.67333606e+003 , 1.07242119e+005 , -1.08124988e+004 , 1.78078566e+004
1.80000000 , 1.39750883e+002 , -4.24021544e+002 , 2.49969017e+003 , 3.58715874e+004 , -1.65100620e+003 , 5.37009999e+003 , 9.85083464e+001 , -3.75561386e+002 , 2.50933833e+003 , 3.57869881e+004 , -1.29443543e+003 , 5.99427357e+003
1.81000000 , 1.43953573e+002 , -3.60753836e+002 , 2.03925581e+003 , -2.81775631e+004 , 6.65537444e+004 , 3.23027236e+004 , 1.12477563e+002 , -3.22941898e+002 , 2.04752710e+003 , -2.90915359e+004 , 6.69493846e+004 , 3.05575497e+004
1.82000000 , 1.06331458e+002 , -5.81521454e+001 , 2.42459118e+003 , 2.38403897e+004 , -2.40065121e+004 , 2.01154957e+004 , 6.86804117e+001 , -1.61453490e+001 , 2.42667865e+003 , 2.36794964e+004 , -2.34946185e+004 , 2.08643198e+004
1.83000000 , -4.76534096e+002 , -2.04227325e+002 , 3.63487550e+003 , -2.56829378e+003 , -5.96111326e+004 , -1.33640757e+004 , -5.29310271e+002 , -1.47736566e+002 , 3.63043676e+003 , -2.03262815e+003 , -5.98224300e+004 , -1.24226103e+004
1.84000000 , 2.31280647e+001 , -4.50027112e+002 , 3.85755533e+003 , 6.27556300e+004 , -3.46842631e+004 , 4.25024643e+003 , -2.73926450e+001 , -3.88144162e+002 , 3.86414065e+003 , 6.28633922e+004 , -3.42606967e+004 , 5.67532371e+003
1.85000000 , 3.05744079e+002 , -5.65919307e+002 , 3.15100376e+003 , -9.59471757e+003 , 7.67667860e+004 , 2.35503398e+004 , 2.68087987e+002 , -5.13890953e+002 , 3.16321433e+003 , -1.03094954e+004 , 7.70740149e+004 , 2.22752597e+004
1.86000000 , -4.29449742e+001 , -5.78169253e+002 , 4.01795993e+003 , 5.79807132e+004 , -8.01295999e+004 , -1.18029197e+004 , -8.73720036e+001 , -5.14423303e+002 , 4.02589889e+003 , 5.85242613e+004 , -7.99973013e+004 , -9.79337093e+003
1.87000000 , -6.90823497e+002 , -5.76184148e+002 , 5.29123898e+003 , 9.68272715e+004 , -8.65260187e+004 , 6.56692796e+003 , -7.44651807e+002 , -4.97085300e+002 , 5.29196543e+003 , 9.72178372e+004 , -8.58887801e+004 , 8.95650697e+003
1.88000000 , -2.29889999e+002 , -6.25528045e+002 , 5.40065903e+003 , 4.14948219e+004 , -5.83421976e+004 , 2.06002177e+004 , -2.78649332e+002 , -5.45858831e+002 , 5.40695220e+003 , 4.15773559e+004 , -5.78137892e+004 , 2.18985046e+004
1.89000000 , -2.58568785e+002 , -5.14990405e+002 , 4.23784047e+003 , 4.42642288e+004 , -6.60661009e+004 , 1.06201438e+004 , -2.93109239e+002 , -4.58093241e+002 , 4.24217927e+003 , 4.44795122e+004 , -6.56918870e+004 , 1.19211640e+004
1.90000000 , -8.12588724e+001 , -4.47990269e+002 , 2.42376416e+003 , 1.10835418e+005 , 5.94786704e+002 , 4.64243575e+004 , -9.93813831e+001 , -4.19810021e+002 , 2.42826530e+003 , 1.10441265e+005 , 1.66316723e+003 , 4.73284003e+004
1.91000000 , -7.94281148e+001 , 9.91918013e+001 , 2.11555163e+003 , -8.05122546e+003 , -4.82547379e+004 , -2.10244517e+003 , -9.77485359e+001 , 1.19142959e+002 , 2.11378040e+003 , -7.80547299e+003 , -4.83069479e+004 , -1.70802494e+003
1.92000000 , 1.87043552e+002 , 2.62517365e+002 , 2.67623326e+003 , 1.08144704e+005 , 4.13866482e+004 , -5.54719223e+003 , 1.62755317e+002 , 2.85344160e+002 , 2.67538091e+003 , 1.07982591e+005 , 4.18845469e+004 , -4.94340043e+003
1.93000000 , 4.92001928e+001 , 7.84729631e+002 , 5.34861764e+003 , 1.67946174e+005 , -1.63175431e+004 , -9.56022682e+003 , -2.55672276e+000 , 8.25769348e+002 , 5.34278043e+003 , 1.68079248e+005 , -1.55219294e+004 , -7.94552452e+003
1.94000000 , -3.57686985e+002 , 7.26448829e+002 , 5.96676354e+003 , 1.32293716e+005 , -9.97134564e+004 , 2.28722597e+003 , -4.14272462e+002 , 7.68124746e+002 , 5.95771097e+003 , 1.32801499e+005 , -9.90100738e+004 , 4.20551196e+003
1.95000000 , 7.98335857e+001 , 8.29990604e+002 , 3.89825821e+003 , 9.11467253e+004 , -8.42174923e+003 , -6.04325527e+002 , 3.99128307e+001 , 8.57247509e+002 , 3.89298805e+003 , 9.11882727e+004 , -7.93322789e+003 , 2.78049914e+002
1.96000000 , 2.90366485e+002 , 6.22555534e+002 , 2.03641630e+003 , 6.83287554e+004 , 5.27213018e+004 , 1.31917656e+003 , 2.67489867e+002 , 6.36183771e+002 , 2.03534796e+003 , 6.80301148e+004 , 5.31006399e+004 , 1.66125065e+003
1.97000000 , -8.10097965e+001 , 3.19817648e+002 , 2.49210580e+003 , 1.03590569e+005 , -2.70313284e+004 , 2.22847366e+004 , -1.08951400e+002 , 3.31447560e+002 , 2.48955644e+003 , 1.03496924e+005 , -2.63564135e+004 , 2.34984146e+004
1.98000000 , -1.48858270e+002 , 6.62492754e+002 , 2.61242105e+003 , 7.80569647e+003 , -3.88060224e+003 , 6.80108928e+003 , -1.82186528e+002 , 6.71586457e+002 , 2.60798812e+003 , 7.75244711e+003 , -3.81530092e+003 , 6.89948661e+003
1.99000000 , 2.20906237e+002 , 6.61905372e+002 , 2.91388330e+003 , 2.63566376e+004 , 9.29298356e+003 , 4.25199536e+003 , 1.82654686e+002 , 6.72591370e+002 , 2.91408254e+003 , 2.62517313e+004 , 9.45326496e+003 , 4.54920636e+003
2.00000000 , -3.72218564e+001 , 7.95108731e+002 , 3.07637010e+003 , 1.01860961e+005 , 1.61946997e+004 , -2.05082183e+004 , -7.85015266e+001 , 8.04359982e+002 , 3.07328374e+003 , 1.02018897e+005 , 1.66708858e+004 , -1.93564784e+004
2.01000000 , 2.18169475e+001 , 4.75191510e+002 , 2.89540274e+003 , 3.68687654e+004 , -4.66867603e+004 , -1.02916496e+000 , -1.50687418e+001 , 4.85001990e+002 , 2.89427191e+003 , 3.71204316e+004 , -4.64962783e+004 , 5.75239848e+002
2.02000000 , 2.38809558e+002 , 4.43900578e+002 , 4.22508920e+003 , -1.49323333e+004 , 1.86094084e+004 , -2.24160256e+004 , 1.86861527e+002 , 4.61639235e+002 , 4.22591364e+003 , -1.47439524e+004 , 1.84472457e+004 , -2.26684705e+004
2.03000000 , -6.33418012e+002 , 9.20365194e+001 , 5.25866616e+003 , -5.64203941e+003 , -8.84733128e+004 , -2.32597851e+004 , -6.95350427e+002 , 1.12806809e+002 , 5.25101486e+003 , -4.94375275e+003 , -8.86053275e+004 , -2.29248892e+004
2.04000000 , -3.80473638e+002 , -1.85619480e+002 , 3.99372502e+003 , -8.06386506e+003 , -5.50891865e+004 , -2.77520826e+004 , -4.26532548e+002 , -1.66986945e+002 , 3.98997914e+003 , -7.47662285e+003 , -5.52668893e+004 , -2.75836656e+004
2.05000000 , 2.58027420e+002 , 1.91438626e+000 , 3.56594025e+003 , -3.41222737e+004 , -2.44901020e+004 , 5.91201058e+002 , 2.15139736e+002 , 2.17793155e+001 , 3.56876064e+003 , -3.40161123e+004 , -2.46449327e+004 , 3.07748271e+002
2.06000000 , -1.57014747e+002 , -1.42697248e+000 , 3.06860392e+003 , 3.96324963e+004 , -6.35224845e+004 , -2.74481256e+003 , -1.95017024e+002 , 1.41556099e+001 , 3.06577979e+003 , 3.99422130e+004 , -6.33608448e+004 , -1.93012355e+003
2.07000000 , -5.77801988e+001 , 1.40087702e+001 , 3.33600506e+003 , 1.49789444e+003 , -1.80735947e+004 , 1.93602790e+004 , -1.01376238e+002 , 3.15782731e+001 , 3.33485588e+003 , 1.31603172e+003 , -1.79594272e+004 , 1.94466619e+004
2.08000000 , 4.98266469e+001 , 2.80612631e+002 , 3.79070921e+003 , -3.35581267e+004 , 7.84617671e+004 , -2.92763483e+004 , -4.15242838e+000 , 3.01736565e+002 , 3.78955534e+003 , -3.35291829e+004 , 7.81436617e+004 , -3.02335420e+004
2.09000000 , 2.06022912e+002 , 4.92495944e+002 , 3.25539617e+003 , -3.85582991e+004 , 4.86016651e+004 , -3.26784181e+003 , 1.55127227e+002 , 5.11674738e+002 , 3.25540696e+003 , -3.87158324e+004 , 4.84029545e+004 , -4.13248826e+003
2.10000000 , -3.29315282e+002 , 4.97710581e+002 , 3.01115593e+003 , 2.82825215e+004 , -8.26844055e+004 , 1.48108920e+004 , -3.80445051e+002 , 5.12829336e+002 , 3.00253826e+003 , 2.84059040e+004 , -8.24750583e+004 , 1.56625309e+004
2.11000000 , 1.32038470e+002 , 4.57709121e+002 , 2.09489037e+003 , 3.79583695e+003 , 6.54914811e+004 , -1.64544874e+004 , 9.38987700e+001 , 4.69568722e+002 , 2.09404965e+003 , 3.79633416e+003 , 6.54103298e+004 , -1.67890683e+004
2.12000000 , -5.90816136e+000 , 1.01697506e+002 , 4.72496164e+002 , -3.39333176e+004 , 5.05417539e+003 , 1.02175990e+004 , -1.47723313e+001 , 1.04245207e+002 , 4.71708338e+002 , -3.41431569e+004 , 4.95618863e+003 , 9.55187750e+003
2.13000000 , -5.06429050e+001 , -9.54086818e+001 , 2.02295921e+002 , 2.43361452e+004 , -1.50732122e+004 , 3.00282878e+004 , -5.56408332e+001 , -9.42649780e+001 , 2.03746353e+002 , 2.38282609e+004 , -1.48073100e+004 , 3.08078889e+004
2.14000000 , 6.68382502e+002 , 4.50122447e+002 , 4.29427898e+003 , 3.05469990e+004 , 7.33185176e+004 , -1.63040509e+002 , 5.77641901e+002 , 4.78644943e+002 , 4.30292652e+003 , 3.02694088e+004 , 7.34283926e+004 , -4.33749675e+000
2.15000000 , -7.33334451e+002 , 4.97114570e+002 , 8.25546875e+003 , 1.30243555e+005 , -1.48726318e+005 , -3.68738659e+004 , -8.90214314e+002 , 5.49500984e+002 , 8.24042191e+003 , 1.31545521e+005 , -1.48398255e+005 , -3.33636560e+004
2.16000000 , -2.01496983e+003 , -5.16305416e+002 , 6.38239189e+003 , 2.14680904e+005 , -3.59945360e+005 , -2.57142959e+004 , -2.13008826e+003 , -4.78910981e+002 , 6.34766395e+003 , 2.16664172e+005 , -3.59177020e+005 , -1.91311097e+004
2.17000000 , 6.16517244e+002 , -9.01297544e+002 , 2.72867723e+003 , 3.13132822e+004 , 1.25275729e+005 , 4.04044124e+004 , 5.73346146e+002 , -8.78245586e+002 , 2.74620078e+003 , 3.00842053e+004 , 1.25714359e+005 , 3.99600186e+004
2.18000000 , -1.86460898e+002 , -6.05696908e+001 , 1.08324308e+003 , 6.25320031e+004 , -7.20651465e+004 , 3.40801562e+003 , -2.04499294e+002 , -5.32898720e+001 , 1.08072316e+003 , 6.27467232e+004 , -7.17843189e+004 , 5.00541594e+003
2.19000000 , 2.60579324e+002 , 2.92728283e+002 , 8.76968771e+002 , -1.27367637e+005 , 6.62653216e+004 , 5.11794067e+004 , 2.44807613e+002 , 2.99106391e+002 , 8.79179400e+002 , -1.28463687e+005 , 6.61074710e+004 , 4.85778427e+004
2.20000000 , 3.27977516e+002 , -3.04756990e+002 , 1.70814430e+003 , 8.29145179e+004 , 4.51111667e+003 , -5.91737908e+003 , 2.99487786e+002 , -2.95109265e+002 , 1.71500674e+003 , 8.29894580e+004 , 4.75156516e+003 , -4.52191637e+003
2.21000000 , 6.82186675e+002 , 2.14546315e+002 , 4.21453299e+003 , -2.24550361e+005 , 1.38701761e+005 , 3.51857205e+004 , 6.09682192e+002 , 2.29644880e+002 , 4.22506314e+003 , -2.25474322e+005 , 1.38207510e+005 , 3.09547586e+004
2.22000000 , -1.58937782e+002 , 1.03791845e+002 , 4.78645126e+003 , -6.35978658e+004 , -2.25112638e+004 , -4.68920248e+004 , -2.37463602e+002 , 1.07878820e+002 , 4.78335487e+003 , -6.27767435e+004 , -2.26799222e+004 , -4.79303631e+004
2.23000000 , 1.48126189e+002 , -3.63876008e+002 , 3.35285568e+003 , -2.04825389e+004 , 1.23848006e+005 , -1.57332272e+004 , 9.80105135e+001 , -3.68386994e+002 , 3.35417722e+003 , -2.04429309e+004 , 1.23828807e+005 , -1.58588863e+004
2.24000000 , 4.65710012e+002 , -1.90800752e+002 , 2.62596036e+003 , -1.41023060e+005 , 3.13309364e+004 , 3.23202763e+004 , 4.29609627e+002 , -1.99565888e+002 , 2.63143663e+003 , -1.41504910e+005 , 3.10169955e+004 , 3.04524086e+004
2.25000000 , -1.14090104e+002 , -3.95360125e+002 , 4.42403609e+003 , -1.25940012e+005 , -1.72499143e+004 , -3.38839208e+004 , -1.68654208e+002 , -4.17523807e+002 , 4.42021379e+003 , -1.25498008e+005 , -1.72038525e+004 , -3.55483600e+004
2.26000000 , -6.08019930e+002 , -3.60455330e+001 , 5.36295898e+003 , -1.72121165e+005 , -1.26347966e+005 , -3.67283220e+004 , -6.69318332e+002 , -6.62183270e+001 , 5.35544400e+003 , -1.71615919e+005 , -1.26254847e+005 , -3.94058334e+004
2.27000000 , -6.09161769e+002 , -4.73652217e+002 , 4.72522420e+003 , -7.57348428e+004 , -7.51417900e+004 , -4.27230436e+004 , -6.60769281e+002 , -5.01469858e+002 , 4.71536686e+003 , -7.52580889e+004 , -7.48893205e+004 , -4.39726822e+004
2.28000000 , 4.40108941e+002 , -7.36782261e+002 , 3.62233247e+003 , -1.21445771e+005 , 3.83641531e+004 , 2.75410049e+004 , 4.01452798e+002 , -7.60179572e+002 , 3.62198571e+003 , -1.21716428e+005 , 3.82455335e+004 , 2.65076872e+004
2.29000000 , 8.62544783e+001 , -5.69629681e+002 , 3.68955001e+003 , -1.00944432e+005 , 7.06525713e+004 , -2.26435179e+004 , 4.77632057e+001 , -5.96497992e+002 , 3.68601743e+003 , -1.00640656e+005 , 7.09336028e+004 , -2.31573483e+004
2.30000000 , 6.16191456e+001 , -3.79479017e+002 , 3.60492464e+003 , -8.16379329e+004 , 8.09311059e+003 , 8.75420841e+003 , 2.46598728e+001 , -4.09583866e+002 , 3.60213420e+003 , -8.16859486e+004 , 8.14730065e+003 , 7.98183875e+003
2.31000000 , -2.08954113e+002 , -4.45818126e+000 , 4.38441728e+003 , -1.37644980e+005 , -7.74826996e+004 , -2.38486355e+004 , -2.53916703e+002 , -4.50039956e+001 , 4.38176343e+003 , -1.37530744e+005 , -7.69837026e+004 , -2.60335327e+004
2.32000000 , 1.35496119e+002 , 6.35654914e+001 , 4.75960925e+003 , -6.41511301e+004 , -5.98757408e+003 , -2.50821042e+004 , 8.45541122e+001 , 1.66095121e+001 , 4.76119154e+003 , -6.38833906e+004 , -5.60264864e+003 , -2.58300762e+004
2.33000000 , -4.37332292e+002 , 4.84853080e+002 , 4.29835849e+003 , -4.77909556e+004 , -7.85900048e+004 , -1.28868964e+004 , -4.85635342e+002 , 4.45527219e+002 , 4.29755494e+003 , -4.78137540e+004 , -7.83494805e+004 , -1.41737538e+004
2.34000000 , -4.89371997e+001 , 5.68961026e+002 , 3.01325912e+003 , -5.86466198e+004 , 1.28326264e+003 , -1.74636775e+004 , -8.57687970e+001 , 5.44450402e+002 , 3.01693575e+003 , -5.84167274e+004 , 1.57164960e+003 , -1.81909708e+004
2.35000000 , 2.38514863e+002 , 4.15707383e+002 , 2.40750496e+003 , -1.39350155e+003 , 2.62648408e+003 , 1.15207733e+004 , 2.07404240e+002 , 3.99780447e+002 , 2.41319686e+003 , -1.56673350e+003 , 2.55804019e+003 , 1.15254818e+004
2.36000000 , 2.00837742e+002 , 5.86477658e+002 , 1.91839854e+003 , 5.94830875e+002 , 6.35278139e+004 , -1.86651009e+004 , 1.72480794e+002 , 5.77862781e+002 , 1.92431584e+003 , 1.03348059e+003 , 6.36097662e+004 , -1.84025817e+004
2.37000000 , 2.26158083e+002 , 8.63327753e+002 , 4.17160982e+003 , -6.53788682e+004 , -2.52981337e+004 , 1.92157779e+004 , 1.57201293e+002 , 8.51814919e+002 , 4.17732100e+003 , -6.58802130e+004 , -2.51600332e+004 , 1.80459804e+004
2.38000000 , -6.76562122e+002 , 9.98423552e+002 , 5.96112150e+003 , -3.04099996e+004 , -1.25659121e+005 , -8.51738575e+004 , -7.79726734e+002 , 9.91214221e+002 , 5.95041431e+003 , -2.92879520e+004 , -1.25436790e+005 , -8.59119797e+004
2.39000000 , -5.34382898e+002 , 3.93050490e+002 , 5.17491883e+003 , 8.28175494e+003 , -1.12864197e+005 , -5.64048763e+004 , -6.28332793e+002 , 3.89738519e+002 , 5.16459375e+003 , 8.94531431e+003 , -1.12835019e+005 , -5.63658552e+004
2.40000000 , 7.55828829e+001 , 1.92888098e+002 , 3.16932040e+003 , 5.91933341e+004 , -8.58296787e+003 , -3.38957451e+004 , 1.71586110e+001 , 1.89938186e+002 , 3.17028060e+003 , 5.97862319e+004 , -8.78189676e+003 , -3.27812247e+004
2.41000000 , 7.37840309e+001 , 1.11417254e+002 , 1.70674419e+003 , 1.97702568e+004 , 7.91667366e+003 , 4.04081615e+004 , 4.08533367e+001 , 1.09677459e+002 , 1.70809997e+003 , 1.90020749e+004 , 7.80221635e+003 , 4.07988068e+004
2.42000000 , 1.61047157e+002 , 2.54104689e+002 , 1.73931041e+003 , 2.43174753e+004 , 4.60005469e+004 , 5.38026450e+003 , 1.25093900e+002 , 2.52016172e+002 , 1.74250906e+003 , 2.44070661e+004 , 4.58911444e+004 , 5.95131591e+003
2.43000000 , -1.66814329e+001 , 5.94851838e+002 , 2.65413302e+003 , -2.35211007e+004 , 1.37690283e+004 , 6.89503538e+002 , -7.22008593e+001 , 5.93659811e+002 , 2.65346151e+003 , -2.34917440e+004 , 1.38678324e+004 , 1.86454624e+002
2.44000000 , -3.51661798e+002 , 6.53123215e+002 , 4.26585879e+003 , 3.16230287e+003 , -1.20350832e+005 , 5.95635854e+003 , -4.45936744e+002 , 6.55401290e+002 , 4.25668286e+003 , 2.48589111e+003 , -1.20364092e+005 , 6.03852663e+003
2.45000000 , -1.32308669e+002 , 5.17906771e+002 , 3.76171078e+003 , -4.08001379e+004 , 4.01365182e+003 , -3.95269852e+004 , -2.19098392e+002 , 5.22636036e+002 , 3.75704836e+003 , -3.98060795e+004 , 4.15655775e+003 , -4.05154137e+004
2.46000000 , 8.76637056e+001 , 4.55322823e+002 , 2.72487981e+003 , -2.08368728e+004 , -2.62923913e+004 , -9.59855122e+002 , 2.28900569e+001 , 4.61190020e+002 , 2.72544736e+003 , -2.09077805e+004 , -2.61923023e+004 , -1.39849688e+003
2.47000000 , -1.40018203e+002 , 2.51487106e+002 , 1.72106210e+003 , 3.49378734e+004 , -1.95524985e+004 , -1.08690164e+003 , -1.82218908e+002 , 2.58439861e+002 , 1.71615440e+003 , 3.48681797e+004 , -1.97205550e+004 , -9.91099460e+001
2.48000000 , 7.36447674e+001 , 2.23042078e+002 , 6.63761081e+002 , -4.50731942e+004 , 5.17868377e+003 , 3.39535645e+004 , 5.72673538e+001 , 2.25721564e+002 , 6.65015989e+002 , -4.59622473e+004 , 5.55047611e+003 , 3.26669570e+004
2.49000000 , 1.45331612e+002 , 4.16233207e+002 , 3.37661093e+003 , 3.71053750e+004 , -4.62539260e+003 , 8.74834335e+003 , 5.03247189e+001 , 4.33813732e+002 , 3.37781227e+003 , 3.68138798e+004 , -4.75023600e+003 , 9.85314353e+003
2.50000000 , -7.15910503e+002 , 3.45525369e+002 , 4.19088032e+003 , 3.19623195e+004 , -9.65682147e+004 , -6.84385656e+003 , -8.37528727e+002 , 3.71577784e+002 , 4.16587403e+003 , 3.16212762e+004 , -9.67720965e+004 , -5.37266966e+003
2.51000000 , 2.29297948e+002 , -2.31963354e+002 , 2.53907197e+003 , 7.96445795e+004 , 5.74179206e+004 , -1.96635357e+003 , 1.52280393e+002 , -2.22155562e+002 , 2.54547465e+003 , 8.00066453e+004 , 5.69656945e+004 , 1.20515007e+002
2.52000000 , 3.77521214e+002 , -2.96102494e+002 , 1.04056435e+003 , 9.15280376e+003 , 7.75603503e+004 , 2.17783546e+004 , 3.46919603e+002 , -2.95751741e+002 , 1.05254713e+003 , 8.97642611e+003 , 7.75554236e+004 , 2.17981654e+004
2.53000000 , -2.00849582e+002 , -8.28681096e+001 , 3.34455024e+003 , -4.08766454e+004 , -9.63145503e+004 , 1.96965218e+003 , -2.94154085e+002 , -8.02067972e+001 , 3.33774654e+003 , -4.14896889e+004 , -9.60436347e+004 , 8.42249276e+002
2.54000000 , -5.10917008e+002 , -1.61549780e+002 , 3.92315207e+003 , 1.62875265e+004 , -7.86058688e+004 , 8.06227982e+003 , -6.19408009e+002 , -1.62462033e+002 , 3.90674390e+003 , 1.55984453e+004 , -7.87140645e+004 , 8.40922840e+003
2.55000000 , 1.47521303e+002 , -4.10405426e+002 , 3.45117216e+003 , -5.40463058e+004 , -4.87046817e+003 , -8.70155100e+003 , 5.02656337e+001 , -4.17873324e+002 , 3.45321966e+003 , -5.38135665e+004 , -4.52247923e+003 , -1.01960876e+004
2.56000000 , -7.43126779e+001 , -4.51040099e+002 , 2.85945793e+003 , -4.53924595e+003 , -9.76091562e+003 , 7.77071317e+003 , -1.56659268e+002 , -4.57476416e+002 , 2.85531591e+003 , -4.81195664e+003 , -9.75273321e+003 , 7.61637897e+003
2.57000000 , 9.02859065e+000 , -2.60746125e+002 , 2.21063748e+003 , 4.01519304e+004 , -1.81638115e+004 , 1.99632492e+004 , -5.44362818e+001 , -2.66622714e+002 , 2.20999816e+003 , 3.94710433e+004 , -1.84386958e+004 , 2.10353106e+004
2.58000000 , 3.59192869e+001 , 9.27118068e+001 , 2.87195049e+003 , -2.18526471e+004 , 2.73148202e+004 , -1.66649138e+003 , -4.47787933e+001 , 8.42093704e+001 , 2.87210550e+003 , -2.16583103e+004 , 2.74556405e+004 , -2.20290960e+003
2.59000000 , -4.88206915e+000 , -1.19943641e+002 , 3.23249054e+003 , 8.83341832e+004 , -3.02079216e+003 , 2.03266684e+003 , -9.58278885e+001 , -1.29718470e+002 , 3.23071292e+003 , 8.82214922e+004 , -3.42353879e+003 , 4.48042135e+003
2.60000000 , -1.69607831e+002 , -8.83567585e+001 , 3.58564251e+003 , 3.09381621e+004 , -6.09012894e+004 , -3.96143654e+003 , -2.67259749e+002 , -9.89245402e+001 , 3.57991869e+003 , 3.07912617e+004 , -6.09971897e+004 , -3.35373853e+003
2.61000000 , -6.50698308e+001 , -1.52275284e+002 , 2.82789235e+003 , 3.16232110e+004 , 1.32524410e+003 , 2.90642108e+003 , -1.39470724e+002 , -1.61255987e+002 , 2.82458713e+003 , 3.15318580e+004 , 1.19849260e+003 , 3.70498072e+003
2.62000000 , 2.90690812e+002 , -5.20220014e+001 , 2.13097810e+003 , -2.75446674e+004 , 2.27342923e+004 , 2.52101912e+004 , 2.37475323e+002 , -6.07825196e+001 , 2.13721846e+003 , -2.80994016e+004 , 2.27289201e+004 , 2.45623546e+004
2.63000000 , 1.31967488e+001 , 6.16927151e+001 , 1.61827135e+003 , -5.96803395e+004 , 3.30361199e+003 , -5.73789478e+003 , -2.49093100e+001 , 5.45215021e+001 , 1.61881233e+003 , -5.95495267e+004 , 3.52163527e+003 , -7.14653544e+003
2.64000000 , 1.22860347e+002 , 5.26101404e+001 , 2.68605830e+003 , 7.10585100e+003 , -3.97309940e+004 , 9.06044324e+003 , 6.07889117e+001 , 3.78290864e+001 , 2.68816601e+003 , 6.78604891e+003 , -3.97973793e+004 , 9.00444713e+003
2.65000000 , -3.68918850e+002 , -1.83590048e+002 , 5.28588005e+003 , -1.40776769e+004 , -6.56834518e+004 , -3.94082627e+004 , -4.79583309e+002 , -2.13925977e+002 , 5.27589502e+003 , -1.34316061e+004 , -6.54127143e+004 , -4.01020009e+004
2.66000000 , -7.61723263e+002 , -3.00839508e+002 , 5.14374114e+003 , 1.80359850e+004 , -1.53129914e+005 , -3.60439667e+004 , -8.62709054e+002 , -3.28741710e+002 , 5.12641355e+003 , 1.83368669e+004 , -1.52957234e+005 , -3.65856216e+004
2.67000000 , -2.63950577e+002 , -6.51577664e+002 , 3.91866315e+003 , -4.12975532e+004 , -4.00192133e+004 , -2.40536619e+004 , -3.31933623e+002 , -6.72061843e+002 , 3.90996162e+003 , -4.09763717e+004 , -3.97729751e+004 , -2.49462244e+004
2.68000000 , 1.35122688e+002 , -5.19137542e+002 , 1.85107287e+003 , 5.22647778e+004 , 2.45368140e+004 , 4.70812445e+004 , 1.05620018e+002 , -5.28240987e+002 , 1.85031570e+003 , 5.16125517e+004 , 2.41969772e+004 , 4.79740370e+004
2.69000000 , 2.23369566e+002 , -7.22773683e+001 , 1.81503264e+003 , -8.17450110e+004 , 6.05758678e+004 , 1.57917205e+004 , 1.98591975e+002 , -8.05476414e+001 , 1.81756447e+003 , -8.18059574e+004 , 6.06830636e+004 , 1.49509205e+004
2.70000000 , 6.88636452e+001 , 2.82006325e+001 , 2.66022639e+003 , -9.21109908e+004 , 1.86649418e+004 , 8.89912425e+003 , 3.57669215e+001 , 1.77245451e+001 , 2.66098296e+003 , -9.21697477e+004 , 1.88555482e+004 , 7.81317111e+003
2.71000000 , -5.84556243e+002 , 1.09626382e+002 , 4.27941430e+003 , -1.37381053e+005 , -1.67580655e+005 , -2.98112585e+004 , -6.33425988e+002 , 9.59390698e+001 , 4.27277435e+003 , -1.37442228e+005 , -1.67136542e+005 , -3.19737205e+004
2.72000000 , -2.27474086e+002 , -4.35386382e+000 , 4.31603204e+003 , -1.26983312e+005 , 4.14172263e+003 , -5.53415597e+004 , -2.72194453e+002 , -1.76063512e+001 , 4.31349507e+003 , -1.26381918e+005 , 4.63576628e+003 , -5.66795112e+004
2.73000000 , 3.81523298e+002 , -3.74977166e+002 , 3.70607628e+003 , -9.10126331e+004 , 3.00449352e+004 , -3.10291665e+003 , 3.47639225e+002 , -3.87200157e+002 , 3.70826069e+003 , -9.09022508e+004 , 3.02973881e+004 , -3.82276926e+003
2.74000000 , -2.37523135e+002 , -4.97828254e+002 , 3.13155675e+003 , -6.19167076e+004 , -3.21619396e+004 , -3.17802777e+004 , -2.61612892e+002 , -5.06569247e+002 , 3.12834066e+003 , -6.17898891e+004 , -3.18814162e+004 , -3.23247704e+004
2.75000000 , -2.34538007e+001 , -6.23350889e+001 , 2.30096843e+003 , -6.72934138e+004 , -3.08531624e+004 , 1.86498625e+004 , -3.64357170e+001 , -6.93007461e+001 , 2.30063830e+003 , -6.74845214e+004 , -3.06910679e+004 , 1.81780263e+004
2.76000000 , -3.93093178e+001 , 2.00408008e+002 , 2.32540722e+003 , -1.15532773e+005 , 1.49692950e+004 , 2.15350096e+002 , -4.81355753e+001 , 1.93623180e+002 , 2.32586761e+003 , -1.15472000e+005 , 1.53740834e+004 , -2.03719552e+002
2.77000000 , 3.67014147e+002 , -7.23058708e+001 , 4.45926789e+003 , -1.23386039e+005 , -5.85690854e+004 , 9.90433193e+003 , 3.55412448e+002 , -8.31941318e+001 , 4.45997243e+003 , -1.23631352e+005 , -5.81341075e+004 , 9.47486172e+003
2.78000000 , -6.59774553e+002 , -1.73391641e+002 , 6.25961463e+003 , -1.12549319e+005 , -9.69335336e+004 , -9.22300165e+004 , -6.66240816e+002 , -1.76236304e+002 , 6.25889723e+003 , -1.12842654e+005 , -9.64199961e+004 , -9.24269583e+004
2.79000000 , -1.37493112e+003 , -4.66854225e+002 , 6.06770367e+003 , -8.81217913e+004 , -2.63478516e+005 , -8.50029860e+004 , -1.37290882e+003 , -4.57722363e+002 , 6.06891965e+003 , -8.92354998e+004 , -2.63166954e+005 , -8.47825183e+004
2.80000000 , 2.02735646e+002 , -4.51316462e+002 , 3.95642484e+003 , -1.25137384e+005 , 4.17550418e+004 , -2.33959637e+004 , 2.09418028e+002 , -4.44715373e+002 , 3.95680710e+003 , -1.24979762e+005 , 4.22693739e+004 , -2.32012204e+004
2.81000000 , 4.70340555e+002 , -3.75200615e+002 , 2.44944096e+003 , 3.87918049e+004 , 4.41495933e+004 , 3.28460298e+004 , 4.76991342e+002 , -3.70522111e+002 , 2.44871760e+003 , 3.91117956e+004 , 4.40567842e+004 , 3.26111382e+004
2.82000000 , -1.47039521e+002 , 9.02103267e+001 , 3.37282489e+003 , 7.28123087e+004 , -2.46650639e+004 , -1.79923383e+003 , -1.32332693e+002 , 1.01177626e+002 , 3.37314114e+003 , 7.26880527e+004 , -2.50255591e+004 , -2.02735468e+003
2.83000000 , -7.59719253e+001 , 2.70338925e+002 , 4.36546837e+003 , -1.91942207e+004 , -2.89825931e+004 , 9.85271999e+003 , -5.55651853e+001 , 2.83238703e+002 , 4.36496020e+003 , -1.92823402e+004 , -2.88545539e+004 , 1.00248419e+004
2.84000000 , -6.37496156e+002 , 4.03078023e+002 , 4.53309802e+003 , -4.36255671e+004 , -1.24994536e+005 , -1.20003083e+004 , -6.17498249e+002 , 4.16960119e+002 , 4.53453095e+003 , -4.43713786e+004 , -1.24785596e+005 , -1.15299807e+004
2.85000000 , 2.21004984e+002 , 2.57132505e+002 , 2.79802955e+003 , -7.06208943e+003 , 8.70489526e+004 , -8.29174775e+003 , 2.31909653e+002 , 2.59125868e+002 , 2.79697095e+003 , -6.55596978e+003 , 8.70780182e+004 , -8.36333750e+003
2.86000000 , 2.11883277e+002 , 2.83198606e+002 , 1.42683828e+003 , 3.55722876e+003 , -1.02745820e+004 , 1.40267309e+004 , 2.17620604e+002 , 2.81705859e+002 , 1.42626187e+003 , 3.54319211e+003 , -1.03008103e+004 , 1.40186685e+004
2.87000000 , 3.36043978e+001 , 2.69933367e+002 , 8.20852267e+002 , 1.13322647e+002 , 1.12274759e+004 , 5.22972918e+003 , 3.75979689e+001 , 2.68609824e+002 , 8.21632753e+002 , 1.73997887e+002 , 1.12111988e+004 , 5.24100144e+003
2.88000000 , 2.83874891e+002 , 4.22950125e+002 , 4.79278807e+003 , -5.77669950e+004 , -1.18290390e+005 , 3.27336835e+004 , 2.99987704e+002 , 4.13896611e+002 , 4.79267041e+003 , -5.83850460e+004 , -1.17998267e+005 , 3.26948701e+004
2.89000000 , -1.39208929e+003 , 1.26349332e+003 , 8.95246115e+003 , -4.51161712e+004 , -2.90029606e+005 , -5.27512962e+004 , -1.35797895e+003 , 1.26617373e+003 , 8.95776211e+003 , -4.69675827e+004 , -2.89726279e+005 , -5.28269527e+004
2.90000000 , -2.66857725e+003 , 4.98099791e+002 , 7.05973512e+003 , 3.10106797e+004 , -4.90277706e+005 , -7.51428942e+003 , -2.64228559e+003 , 5.18834258e+002 , 7.06817948e+003 , 2.81144738e+004 , -4.90460124e+005 , -7.28774248e+003
2.91000000 , 9.11560994e+002 , 6.66191140e+001 , 2.85383104e+003 , -1.18285363e+005 , 1.12687056e+005 , -3.37090917e+004 , 9.19958761e+002 , 6.60398122e+001 , 2.85101266e+003 , -1.17690222e+005 , 1.13348919e+005 , -3.35792546e+004
2.92000000 , -3.59653383e+002 , -1.43251404e+002 , 1.29965254e+003 , 1.53974186e+005 , -1.38480842e+005 , 2.41668082e+004 , -3.58514550e+002 , -1.38196288e+002 , 1.30046298e+003 , 1.53094957e+005 , -1.39435973e+005 , 2.42443200e+004
2.93000000 , 2.44241060e+002 , -2.08650880e+002 , 9.91169660e+002 , -1.86319445e+004 , 5.54640417e+004 , 3.38992734e+004 , 2.42621234e+002 , -2.07982606e+002 , 9.91672333e+002 , -1.82439612e+004 , 5.56578865e+004 , 3.37792108e+004
2.94000000 , 8.05882895e+002 , 1.57609012e+002 , 2.34525353e+003 , -9.74488159e+003 , 1.55272922e+005 , 2.09111584e+004 , 8.01867352e+002 , 1.54809090e+002 , 2.34682678e+003 , -8.66798284e+003 , 1.55376608e+005 , 2.06917783e+004
2.95000000 , 6.25553058e+002 , 6.01004316e+002 , 4.71626042e+003 , -1.89073306e+004 , 1.14236632e+005 , -9.97005890e+003 , 6.11803747e+002 , 5.98811913e+002 , 4.71833989e+003 , -1.80422610e+004 , 1.14364382e+005 , -1.01013932e+004
2.96000000 , -1.78293252e+002 , 6.63565423e+002 , 4.89201288e+003 , 4.41098649e+003 , -3.13047528e+004 , -1.57969765e+004 , -1.99354550e+002 , 6.64115744e+002 , 4.89102783e+003 , 4.25008836e+003 , -3.13400050e+004 , -1.57816299e+004
2.97000000 , -4.19395927e+002 , 4.91121197e+002 , 3.32014676e+003 , -6.37661742e+004 , -1.23802172e+005 , -1.36189767e+003 , -4.39167247e+002 , 4.92162810e+002 , 3.31740453e+003 , -6.46711669e+004 , -1.23346055e+005 , -1.89832273e+003
2.98000000 , -6.55976417e+001 , 3.12403502e+002 , 1.85335838e+003 , 2.00244890e+004 , -2.44381469e+004 , -4.28399563e+002 , -7.97016278e+001 , 3.11215261e+002 , 1.85296872e+003 , 1.98452669e+004 , -2.45856872e+004 , -2.72256066e+002
2.99000000 , -1.73045222e+001 , 4.89939346e+001 , 3.87095901e+002 , -4.68885331e+003 , -1.33240725e+004 , 2.61138743e+004 , -2.11416959e+001 , 4.86985487e+001 , 3.86937695e+002 , -5.07467407e+003 , -1.33177045e+004 , 2.60428979e+004
3.00000000 , 1.64983099e+002 , 1.77291424e+002 , 1.92191723e+003 , 7.59643087e+004 , 3.67339586e+004 , -8.61420875e+002 , 1.41997365e+002 , 1.74289914e+002 , 1.92402632e+003 , 7.62305272e+004 , 3.61882673e+004 , 1.34135028e+002
