time(sec) , VMT_Front_Tires/wheel_force:L/Tire Force/Longitudinal_RF_Global , VMT_Front_Tires/wheel_force:L/Tire Force/Lateral_RF_Global , VMT_Front_Tires/wheel_force:L/Tire Force/Vertical_RF_Global , VMT_Front_Tires/wheel_force:L/Tire Torque/Overturning_RF_Global , VMT_Front_Tires/wheel_force:L/Tire Torque/Rolling resistance_RF_Global , VMT_Front_Tires/wheel_force:L/Tire Torque/Aligning_RF_Global , VMT_Front_Tires/wheel_force:L/Tire Force/Longitudinal_RF_Vehicle , VMT_Front_Tires/wheel_force:L/Tire Force/Lateral_RF_Vehicle , VMT_Front_Tires/wheel_force:L/Tire Force/Vertical_RF_Vehicle , VMT_Front_Tires/wheel_force:L/Tire Torque/Overturning_RF_Vehicle , VMT_Front_Tires/wheel_force:L/Tire Torque/Rolling resistance_RF_Vehicle , VMT_Front_Tires/wheel_force:L/Tire Torque/Aligning_RF_Vehicle
0.000000 , -2.822898e+004 , -6.882174e+002 , 4.266040e+004 , 6.759901e+004 , -5.336960e+005 , 1.732125e+005 , -2.822898e+004 , -6.882174e+002 , 4.266040e+004 , 6.759901e+004 , -5.336960e+005 , 1.732125e+005
0.010000 , 4.192452e+003 , -1.056214e+003 , 6.555730e+003 , -8.021772e+004 , -8.329202e+005 , -4.328305e+004 , 4.195101e+003 , -1.055588e+003 , 6.554057e+003 , -8.021135e+004 , -8.329263e+005 , -4.318499e+004
0.020000 , -1.888137e+003 , 5.776159e+002 , -5.026560e+002 , -2.073796e+005 , -4.872550e+004 , -2.043651e+005 , -1.888195e+003 , 5.778127e+002 , -5.019806e+002 , -2.074338e+005 , -4.866156e+004 , -2.043125e+005
0.030000 , 3.474293e+003 , -1.290725e+003 , 1.483852e+003 , 3.004353e+005 , 9.704428e+005 , 3.020472e+005 , 3.472858e+003 , -1.292057e+003 , 1.486339e+003 , 2.998994e+005 , 9.700842e+005 , 3.037125e+005
0.040000 , -1.571175e+003 , -5.107813e+002 , 1.456137e+003 , 3.246420e+005 , -6.421129e+005 , -2.946200e+005 , -1.576822e+003 , -5.153480e+002 , 1.448999e+003 , 3.258629e+005 , -6.411938e+005 , -2.952925e+005
0.050000 , -5.203121e+001 , 6.177892e+002 , 7.449921e+002 , -2.464508e+005 , -3.423791e+004 , 2.988248e+005 , -5.721147e+001 , 6.146003e+002 , 7.476857e+002 , -2.486269e+005 , -3.567136e+004 , 2.969038e+005
0.060000 , 2.495671e+003 , 5.079667e+002 , 3.142573e+003 , -3.533463e+004 , 3.677292e+005 , -2.486191e+004 , 2.458605e+003 , 4.927741e+002 , 3.174160e+003 , -3.533050e+004 , 3.677888e+005 , -2.328737e+004
0.070000 , 1.866214e+003 , 1.962009e+003 , 7.244490e+003 , -3.310851e+005 , 2.472096e+005 , 7.044639e+004 , 1.749109e+003 , 1.924749e+003 , 7.283415e+003 , -3.324363e+005 , 2.464692e+005 , 6.647637e+004
0.080000 , -1.586436e+003 , 7.609366e+002 , 7.245932e+003 , 2.022025e+005 , -2.179398e+005 , -1.567405e+005 , -1.730382e+003 , 7.235678e+002 , 7.216973e+003 , 2.056754e+005 , -2.167981e+005 , -1.537453e+005
0.090000 , -7.227692e+002 , 1.190666e+003 , 3.519660e+003 , 2.503261e+002 , -7.253679e+004 , -2.823274e+004 , -8.070573e+002 , 1.173304e+003 , 3.507058e+003 , 1.083956e+003 , -7.240873e+004 , -2.853641e+004
0.100000 , 5.560756e+002 , 5.269829e+002 , 8.781765e+002 , -4.959167e+004 , 1.130446e+005 , 6.135056e+004 , 5.302041e+002 , 5.241856e+002 , 8.945883e+002 , -5.150061e+004 , 1.126592e+005 , 6.062297e+004
0.110000 , -1.713990e+002 , -4.957250e+002 , 6.954631e+002 , 1.197449e+005 , -7.528858e+004 , 2.077025e+004 , -1.905664e+002 , -5.003699e+002 , 6.872539e+002 , 1.193153e+005 , -7.505044e+004 , 2.398817e+004
0.120000 , -1.612202e+002 , 1.926479e+002 , 4.674838e+002 , -7.616936e+004 , -5.586711e+004 , 3.209646e+004 , -1.762154e+002 , 1.890322e+002 , 4.633087e+002 , -7.699776e+004 , -5.630606e+004 , 2.924365e+004
0.130000 , 6.682665e+001 , 3.852210e+002 , 3.590410e+002 , -1.576430e+005 , 1.163804e+004 , 2.114704e+004 , 5.345389e+001 , 3.832207e+002 , 3.637946e+002 , -1.583282e+005 , 1.097228e+004 , 1.551977e+004
0.140000 , 2.569455e+002 , 4.104189e+002 , 3.820422e+003 , 7.449247e+000 , 3.000355e+004 , -2.397590e+004 , 1.183354e+002 , 3.821223e+002 , 3.830832e+003 , 8.063895e+002 , 3.017282e+004 , -2.381906e+004
0.150000 , -3.611011e+002 , 2.721318e+001 , 5.133674e+003 , -1.635017e+005 , -5.591813e+004 , -8.802135e+004 , -5.522917e+002 , -1.329980e+001 , 5.117275e+003 , -1.597712e+005 , -5.587042e+004 , -9.466139e+004
0.160000 , -3.294178e+002 , -7.904040e+002 , 3.455969e+003 , 1.859772e+004 , -3.103918e+004 , -6.042862e+004 , -4.558321e+002 , -8.163516e+002 , 3.435353e+003 , 2.106762e+004 , -3.053936e+004 , -6.001723e+004
0.170000 , 4.282557e+002 , -5.084727e+002 , 1.017026e+003 , 2.669949e+004 , 6.334195e+004 , 4.819241e+004 , 3.925174e+002 , -5.134271e+002 , 1.030361e+003 , 2.456066e+004 , 6.312082e+004 , 4.943810e+004
0.180000 , -1.620537e+002 , 3.692578e+002 , 5.500779e+002 , -4.929483e+004 , -4.037495e+004 , 1.306121e+004 , -1.832728e+002 , 3.648034e+002 , 5.462298e+002 , -4.958874e+004 , -4.068448e+004 , 1.096525e+004
0.190000 , 2.244524e+001 , 1.717412e+002 , 4.910062e+002 , -1.214361e+005 , 2.352334e+003 , 4.333810e+004 , 4.633924e+000 , 1.690687e+002 , 4.920469e+002 , -1.228151e+005 , 1.548996e+003 , 3.864703e+004
0.200000 , 2.196480e+002 , -1.173374e+002 , 1.868336e+003 , -1.350069e+004 , 3.327003e+004 , 1.239738e+004 , 1.558479e+002 , -1.267099e+002 , 1.874540e+003 , -1.405919e+004 , 3.313217e+004 , 1.218366e+004
0.210000 , 2.561757e+002 , 2.027808e+001 , 2.434280e+003 , -1.774390e+005 , 5.687002e+004 , -1.810180e+004 , 1.749243e+002 , 8.237267e+000 , 2.441504e+003 , -1.769705e+005 , 5.625776e+004 , -2.357486e+004
0.220000 , -1.403460e+002 , -6.282413e+002 , 3.062873e+003 , -3.405101e+004 , 5.305464e+003 , -3.735750e+004 , -2.307321e+002 , -6.456380e+002 , 3.053067e+003 , -3.292498e+004 , 5.363399e+003 , -3.845913e+004
0.230000 , 6.061442e+001 , -7.222626e+002 , 2.010079e+003 , -2.876829e+004 , 7.034802e+003 , -8.673053e+002 , 1.025663e+001 , -7.330697e+002 , 2.007067e+003 , -2.875566e+004 , 6.928052e+003 , -1.600426e+003
0.240000 , 2.051143e+002 , -5.808241e+002 , 1.396541e+003 , -5.798859e+004 , 6.825704e+004 , 3.834977e+004 , 1.753507e+002 , -5.878503e+002 , 1.397333e+003 , -5.910865e+004 , 6.783486e+004 , 3.738713e+004
0.250000 , 5.231782e+002 , -4.679947e+002 , 3.028714e+003 , -1.244678e+005 , 3.451654e+003 , 4.294117e+004 , 4.666419e+002 , -4.815454e+002 , 3.035412e+003 , -1.252466e+005 , 2.788354e+003 , 4.069181e+004
0.260000 , -5.611563e+002 , -9.630178e+002 , 5.794767e+003 , -1.285706e+005 , -1.004834e+005 , -6.240477e+004 , -6.393695e+002 , -9.890061e+002 , 5.782185e+003 , -1.273429e+005 , -1.006378e+005 , -6.461138e+004
0.270000 , -1.237837e+003 , -1.401721e+003 , 6.212315e+003 , -9.617551e+004 , -2.241630e+005 , -1.032833e+005 , -1.295950e+003 , -1.422730e+003 , 6.195722e+003 , -9.451064e+004 , -2.241645e+005 , -1.048669e+005
0.280000 , 1.664553e+002 , -1.675578e+003 , 3.590159e+003 , -1.003963e+005 , 5.512880e+004 , -2.929599e+003 , 1.493399e+002 , -1.680260e+003 , 3.588817e+003 , -1.005150e+005 , 5.488118e+004 , -3.464468e+003
0.290000 , 3.349990e+002 , -1.224469e+003 , 2.867518e+003 , 2.509001e+004 , 6.876505e+003 , 1.334983e+004 , 3.314640e+002 , -1.224170e+003 , 2.868057e+003 , 2.505778e+004 , 6.930045e+003 , 1.340576e+004
0.300000 , 2.474091e+001 , -8.591615e+002 , 2.684240e+003 , 2.196923e+004 , 1.779800e+004 , 2.599833e+004 , 2.946222e+001 , -8.572665e+002 , 2.684808e+003 , 2.197227e+004 , 1.785199e+004 , 2.596452e+004
0.310000 , 1.129964e+002 , -2.263810e+002 , 3.338489e+003 , -6.623617e+004 , -9.512819e+003 , 3.020803e+004 , 1.265445e+002 , -2.231932e+002 , 3.338219e+003 , -6.610137e+004 , -9.583188e+003 , 3.047785e+004
0.320000 , -2.409886e+001 , -5.856410e+001 , 3.854595e+003 , -1.210975e+005 , 3.780661e+004 , -3.378860e+003 , -5.183767e-001 , -5.694745e+001 , 3.854624e+003 , -1.211440e+005 , 3.768314e+004 , -2.652854e+003
0.330000 , 1.481405e+002 , 5.757123e+000 , 2.795544e+003 , 5.685133e+003 , 4.517976e+003 , 1.284248e+004 , 1.700254e+002 , 4.285070e+000 , 2.794259e+003 , 5.789955e+003 , 4.512958e+003 , 1.279974e+004
0.340000 , 6.695286e+001 , 1.780828e+002 , 2.396376e+003 , -1.280787e+004 , 5.860809e+004 , -1.323919e+003 , 8.977518e+001 , 1.749737e+002 , 2.395892e+003 , -1.285126e+004 , 5.860262e+004 , -1.121946e+003
0.350000 , 6.331076e+002 , 3.089883e+002 , 3.736627e+003 , -3.539687e+004 , -3.218306e+004 , 1.071698e+003 , 6.739139e+002 , 3.044117e+002 , 3.729761e+003 , -3.537400e+004 , -3.220399e+004 , 1.432406e+003
0.360000 , -6.371494e+002 , 1.185630e+002 , 8.856470e+003 , -1.030098e+005 , -1.805620e+005 , -8.452286e+004 , -5.213342e+002 , 1.157502e+002 , 8.863347e+003 , -1.040270e+005 , -1.805987e+005 , -8.320964e+004
0.370000 , -2.580058e+003 , -8.484714e+002 , 8.142917e+003 , -6.178476e+004 , -4.337221e+005 , -1.431107e+005 , -2.462343e+003 , -8.375191e+002 , 8.182089e+003 , -6.364375e+004 , -4.339660e+005 , -1.413260e+005
0.380000 , 3.220790e+002 , -3.006375e+002 , 4.118880e+003 , -1.767317e+005 , 2.772078e+004 , -3.825895e+004 , 3.855990e+002 , -2.876820e+002 , 4.114418e+003 , -1.772638e+005 , 2.757999e+004 , -3.555687e+004
0.390000 , 2.406821e+002 , -1.434825e+002 , 1.673096e+003 , 7.404511e+004 , -1.362599e+004 , 4.755497e+004 , 2.659583e+002 , -1.365075e+002 , 1.669299e+003 , 7.477978e+004 , -1.344837e+004 , 4.659672e+004
0.400000 , 5.398892e+002 , -2.172021e+002 , 1.887947e+003 , 7.260507e+004 , 1.108311e+005 , 1.101812e+004 , 5.665986e+002 , -2.091902e+002 , 1.881179e+003 , 7.285190e+004 , 1.108106e+005 , 9.515492e+003
0.410000 , 5.830575e+002 , 4.373376e+002 , 3.332360e+003 , -7.692485e+004 , 9.436741e+004 , 9.801722e+003 , 6.241830e+002 , 4.489637e+002 , 3.323403e+003 , -7.668692e+004 , 9.449539e+004 , 1.038531e+004
0.420000 , -5.336346e+000 , 8.961257e+002 , 4.829924e+003 , -4.605675e+004 , 1.749015e+004 , -4.359055e+003 , 4.513688e+001 , 9.095057e+002 , 4.827466e+003 , -4.607224e+004 , 1.754841e+004 , -3.924999e+003
0.430000 , -3.467007e+002 , 8.228254e+002 , 4.934281e+003 , -6.554721e+004 , -1.493714e+005 , -6.641669e+003 , -3.059146e+002 , 8.327733e+002 , 4.935302e+003 , -6.583880e+004 , -1.492772e+005 , -5.827163e+003
0.440000 , -5.835465e+002 , 8.113663e+002 , 4.037162e+003 , 1.308400e+003 , -1.110300e+005 , -9.061324e+003 , -5.596522e+002 , 8.178919e+002 , 4.039219e+003 , 1.079379e+003 , -1.110431e+005 , -8.915416e+003
0.450000 , 2.281415e+002 , 6.230578e+002 , 1.654842e+003 , 1.814995e+004 , 7.707188e+004 , -7.961066e+003 , 2.336107e+002 , 6.245586e+002 , 1.653503e+003 , 1.825270e+004 , 7.703735e+004 , -8.089741e+003
0.460000 , 3.017664e+002 , 2.764239e+002 , 1.867112e+003 , 8.984492e+004 , 9.743866e+004 , -2.197147e+004 , 3.018058e+002 , 2.779042e+002 , 1.866948e+003 , 8.999239e+004 , 9.727829e+004 , -2.203566e+004
0.470000 , 6.533952e+001 , 5.626696e+002 , 3.426080e+003 , -4.653984e+004 , -5.277499e+004 , 3.593915e+004 , 5.618977e+001 , 5.657303e+002 , 3.425733e+003 , -4.671448e+004 , -5.267905e+004 , 3.584873e+004
0.480000 , -2.718004e+002 , 6.231549e+002 , 4.723409e+003 , 1.486885e+004 , -3.981378e+004 , -4.700663e+004 , -2.961691e+002 , 6.286118e+002 , 4.721259e+003 , 1.507778e+004 , -3.988289e+004 , -4.688415e+004
0.490000 , -5.480941e+002 , 1.311099e+002 , 4.696352e+003 , 7.157929e+004 , -1.660387e+005 , -2.446383e+003 , -5.831825e+002 , 1.379577e+002 , 4.691782e+003 , 7.145516e+004 , -1.661073e+005 , -1.676900e+003
0.500000 , -6.183844e+002 , -1.276261e+002 , 3.439516e+003 , 1.041628e+005 , -1.440754e+005 , 6.046345e+003 , -6.525633e+002 , -1.226429e+002 , 3.433338e+003 , 1.040001e+005 , -1.441474e+005 , 7.256790e+003
0.510000 , -5.557079e+001 , 1.966566e+002 , 2.441531e+003 , 1.029343e+005 , -4.015753e+004 , 2.734203e+004 , -8.606265e+001 , 1.981738e+002 , 2.440331e+003 , 1.025536e+005 , -4.020431e+004 , 2.866693e+004
0.520000 , 1.126508e+002 , -3.717754e+001 , 2.332997e+003 , 9.884904e+004 , 4.463836e+004 , 6.009535e+003 , 7.612103e+001 , -3.887543e+001 , 2.334490e+003 , 9.872598e+004 , 4.460321e+004 , 7.608286e+003
0.530000 , 2.456052e+002 , 2.735637e+002 , 2.023826e+003 , 4.349660e+004 , 3.324798e+004 , 8.260500e+003 , 2.074979e+002 , 2.691123e+002 , 2.028886e+003 , 4.332568e+004 , 3.323549e+004 , 9.145320e+003
0.540000 , -7.611040e+001 , 2.911930e+002 , 1.733416e+003 , 9.932027e+003 , 1.053708e+004 , 2.661391e+003 , -1.133278e+002 , 2.854008e+002 , 1.732436e+003 , 9.867326e+003 , 1.053286e+004 , 2.906856e+003
0.550000 , 1.573784e+002 , 3.173683e+002 , 1.433667e+003 , -7.074286e+003 , 1.597910e+004 , 9.094285e+003 , 1.230374e+002 , 3.119452e+002 , 1.438331e+003 , -7.300675e+003 , 1.594014e+004 , 8.989624e+003
0.560000 , -7.484548e+001 , 3.829418e+002 , 3.076570e+003 , 4.704710e+004 , -1.453885e+004 , -2.357348e+004 , -1.565283e+002 , 3.703467e+002 , 3.075045e+003 , 4.767323e+004 , -1.438732e+004 , -2.239538e+004
0.570000 , -1.608495e+002 , -8.453681e+001 , 3.596396e+003 , -3.484077e+003 , -4.031372e+004 , -1.038648e+004 , -2.632328e+002 , -9.768716e+001 , 3.589839e+003 , -3.104834e+003 , -4.027228e+004 , -1.061566e+004
0.580000 , 6.456342e+001 , -2.618382e+002 , 2.559103e+003 , 2.603060e+004 , 2.885952e+004 , -8.881310e+003 , -1.238571e+001 , -2.687989e+002 , 2.559128e+003 , 2.624692e+004 , 2.893875e+004 , -7.985283e+003
0.590000 , -3.134032e+001 , -6.476709e+001 , 7.521623e+002 , 2.605879e+004 , -6.024036e+003 , 3.720125e+004 , -5.583613e+001 , -6.633517e+001 , 7.499736e+002 , 2.489129e+004 , -6.037094e+003 , 3.797547e+004
0.600000 , 1.325031e+002 , 1.357730e+002 , 5.108655e+002 , -6.311762e+004 , 4.410432e+004 , 4.824926e+003 , 1.148087e+002 , 1.352701e+002 , 5.152738e+002 , -6.334563e+004 , 4.394975e+004 , 2.755006e+003
0.610000 , -3.178476e+001 , 5.216434e+001 , 3.373144e+002 , -1.968432e+004 , -1.417283e+004 , 1.918477e+004 , -4.248686e+001 , 5.166495e+001 , 3.366245e+002 , -2.029323e+004 , -1.424376e+004 , 1.848322e+004
0.620000 , 1.686058e+002 , 9.573837e+001 , 1.402581e+003 , -1.705775e+004 , 1.107047e+004 , 1.064075e+004 , 1.205637e+002 , 9.415830e+001 , 1.407619e+003 , -1.743257e+004 , 1.101548e+004 , 1.006263e+004
0.630000 , 1.975152e+002 , -4.687008e+001 , 3.463892e+003 , -7.525898e+004 , 6.505476e+003 , -1.947432e+004 , 8.365419e+001 , -5.015034e+001 , 3.469062e+003 , -7.461009e+004 , 6.345045e+003 , -2.192724e+004
0.640000 , -3.210208e+002 , -6.110334e+002 , 3.945794e+003 , -5.235739e+004 , -3.057519e+004 , -4.096269e+004 , -4.442595e+002 , -6.115868e+002 , 3.933576e+003 , -5.093017e+004 , -3.070585e+004 , -4.263642e+004
0.650000 , 6.155734e+002 , -8.446398e+002 , 3.352882e+003 , 3.052090e+004 , 8.256832e+004 , 2.325834e+004 , 5.140239e+002 , -8.369807e+002 , 3.371818e+003 , 2.958903e+004 , 8.268839e+004 , 2.402123e+004
0.660000 , -4.005005e+002 , -1.001162e+003 , 3.649071e+003 , 1.177095e+004 , -7.313568e+004 , -1.424105e+004 , -5.067746e+002 , -9.884547e+002 , 3.639311e+003 , 1.237956e+004 , -7.314589e+004 , -1.359580e+004
0.670000 , -1.059892e+002 , -1.303537e+003 , 2.933808e+003 , 3.181665e+004 , -3.995643e+004 , 4.984381e+004 , -1.876506e+002 , -1.286477e+003 , 2.937387e+003 , 3.047573e+004 , -3.953601e+004 , 5.097589e+004
0.680000 , -1.882616e+002 , -1.007243e+003 , 3.048007e+003 , -1.076497e+005 , -2.196060e+004 , -4.010627e+002 , -2.707475e+002 , -9.826266e+002 , 3.049820e+003 , -1.075056e+005 , -2.237858e+004 , -3.267024e+003
0.690000 , 2.066063e+002 , -6.238276e+002 , 2.791966e+003 , 7.162206e+004 , 1.027972e+004 , 3.803353e+004 , 1.348025e+002 , -5.943394e+002 , 2.802764e+003 , 7.054281e+004 , 1.100013e+004 , 3.980851e+004
0.700000 , 3.792609e+001 , -3.068157e+002 , 4.026643e+003 , 3.239794e+004 , 3.159419e+004 , -3.925546e+003 , -5.822863e+001 , -2.606086e+002 , 4.029673e+003 , 3.233476e+004 , 3.171795e+004 , -3.524092e+003
0.710000 , 4.110207e+002 , -2.336268e+002 , 4.560911e+003 , 4.118990e+004 , 4.576214e+004 , 1.232945e+004 , 3.138759e+002 , -1.755030e+002 , 4.571140e+003 , 4.067522e+004 , 4.610111e+004 , 1.270251e+004
0.720000 , -2.213503e+002 , -2.623252e+002 , 5.269588e+003 , -5.402643e+004 , -2.340707e+004 , -7.898110e+003 , -3.203483e+002 , -1.977426e+002 , 5.267288e+003 , -5.371057e+004 , -2.379620e+004 , -8.626575e+003
0.730000 , -6.905642e+002 , -3.797766e+002 , 5.617117e+003 , -2.263134e+004 , -2.055476e+005 , -3.831767e+004 , -7.841312e+002 , -3.144401e+002 , 5.608886e+003 , -2.080957e+004 , -2.061317e+005 , -3.605003e+004
0.740000 , 1.929860e+001 , -4.059791e+002 , 4.630199e+003 , -1.107088e+005 , 1.255211e+005 , -2.661331e+004 , -5.007697e+001 , -3.498620e+002 , 4.634522e+003 , -1.109839e+005 , 1.245450e+005 , -2.968453e+004
0.750000 , 4.617723e+002 , -2.940075e+002 , 3.905352e+003 , -9.036065e+004 , 2.200897e+004 , 1.675806e+004 , 4.081762e+002 , -2.458066e+002 , 3.914712e+003 , -9.073376e+004 , 2.166863e+004 , 1.532738e+004
0.760000 , -2.488352e+002 , -2.012783e+001 , 4.938359e+003 , -5.038689e+004 , -3.887821e+004 , -4.859729e+004 , -3.130456e+002 , 3.331592e+001 , 4.934617e+003 , -4.952219e+004 , -3.971711e+004 , -4.882010e+004
0.770000 , 1.295754e+002 , -8.114706e+000 , 4.864203e+003 , -6.819097e+004 , -1.460040e+003 , -3.777994e+003 , 7.060427e+001 , 4.315914e+001 , 4.865176e+003 , -6.813674e+004 , -1.940254e+003 , -4.604528e+003
0.780000 , 3.650867e+001 , 9.704617e+001 , 4.918706e+003 , -1.951295e+004 , 2.611843e+004 , -5.398643e+003 , -2.192686e+001 , 1.439316e+002 , 4.918019e+003 , -1.960947e+004 , 2.593552e+004 , -5.879099e+003
0.790000 , -1.833624e+002 , 2.444150e+002 , 3.965192e+003 , -5.680032e+004 , -1.553967e+003 , -1.352899e+004 , -2.316302e+002 , 2.785012e+002 , 3.960389e+003 , -5.662372e+004 , -2.046217e+003 , -1.419555e+004
0.800000 , -8.967352e+001 , 3.020610e+002 , 2.971981e+003 , -1.477504e+005 , -7.225186e+004 , -1.519774e+003 , -1.283207e+002 , 3.281006e+002 , 2.967960e+003 , -1.472412e+005 , -7.324072e+004 , -2.680475e+003
0.810000 , -1.670140e+001 , 4.268008e+002 , 2.635063e+003 , -1.031650e+005 , 4.226430e+003 , -1.971291e+004 , -5.355984e+001 , 4.510630e+002 , 2.630465e+003 , -1.029040e+005 , 3.363472e+003 , -2.107229e+004
0.820000 , 2.728109e+002 , 3.962407e+002 , 2.691421e+003 , -1.122552e+005 , -1.434472e+004 , 2.067146e+004 , 2.351361e+002 , 4.235500e+002 , 2.690723e+003 , -1.124417e+005 , -1.486985e+004 , 1.930508e+004
0.830000 , -1.293961e+001 , 3.907304e+002 , 4.699854e+003 , -1.306266e+005 , 3.509682e+003 , -4.529775e+004 , -7.942743e+001 , 4.338364e+002 , 4.695477e+003 , -1.300239e+005 , 2.283632e+003 , -4.711269e+004
0.840000 , -4.716351e+002 , 5.989792e+002 , 5.029701e+003 , -1.384101e+005 , -1.155618e+005 , -2.881450e+004 , -5.435471e+002 , 6.386637e+002 , 5.017234e+003 , -1.373334e+005 , -1.166196e+005 , -2.972350e+004
0.850000 , -3.109188e+002 , 4.471448e+001 , 3.682139e+003 , -6.205241e+004 , -2.339349e+004 , -8.683576e+004 , -3.617094e+002 , 7.177481e+001 , 3.676999e+003 , -6.072935e+004 , -2.444913e+004 , -8.749793e+004
0.860000 , 2.177763e+002 , -1.087740e+002 , 2.915196e+003 , -5.170228e+004 , -4.242777e+003 , 2.887131e+004 , 1.786041e+002 , -8.611335e+001 , 2.918566e+003 , -5.206070e+004 , -4.315978e+003 , 2.819998e+004
0.870000 , -3.388870e+001 , 2.827879e+001 , 2.542793e+003 , -2.722031e+004 , 8.949549e+003 , -1.951105e+004 , -6.931767e+001 , 4.652053e+001 , 2.542059e+003 , -2.697641e+004 , 8.686313e+003 , -1.994707e+004
0.880000 , -3.448177e+000 , 1.836972e+002 , 2.956215e+003 , -7.769981e+004 , -3.059841e+004 , 3.851267e+004 , -4.735370e+001 , 2.060085e+002 , 2.954445e+003 , -7.806622e+004 , -3.073657e+004 , 3.762423e+004
0.890000 , -1.969729e+002 , 4.684898e+002 , 3.169824e+003 , -4.663242e+004 , 1.957932e+003 , -4.544827e+004 , -2.477860e+002 , 4.930742e+002 , 3.162565e+003 , -4.593848e+004 , 1.326389e+003 , -4.616107e+004
0.900000 , 6.825867e+001 , 4.695383e+002 , 3.112500e+003 , -2.278278e+004 , -1.698198e+004 , 1.019820e+004 , 1.708241e+001 , 4.965086e+002 , 3.108880e+003 , -2.283841e+004 , -1.701881e+004 , 9.993830e+003
0.910000 , -3.847450e+001 , 3.175150e+002 , 2.266489e+003 , 2.651293e+004 , 1.453595e+004 , -3.718307e+004 , -7.522661e+001 , 3.366282e+002 , 2.262881e+003 , 2.701178e+004 , 1.437372e+004 , -3.688578e+004
0.920000 , 1.063335e+002 , 2.268517e+002 , 8.271891e+002 , -4.191389e+004 , 1.553819e+004 , 2.890092e+004 , 9.216579e+001 , 2.343991e+002 , 8.265540e+002 , -4.243840e+004 , 1.553080e+004 , 2.807409e+004
0.930000 , 1.118448e+002 , 1.397122e+002 , 1.136614e+003 , -7.277063e+003 , 2.703168e+004 , 2.396134e+004 , 9.335741e+001 , 1.486745e+002 , 1.137136e+003 , -7.789284e+003 , 2.718316e+004 , 2.365606e+004
0.940000 , 6.410769e+001 , 4.402645e+002 , 1.472346e+003 , -1.194810e+005 , 2.374979e+004 , 6.780741e+003 , 3.825061e+001 , 4.525090e+002 , 1.469576e+003 , -1.197072e+005 , 2.311789e+004 , 4.693292e+003
0.950000 , -3.922222e+001 , 4.601467e+002 , 3.151655e+003 , -3.245078e+004 , 5.489551e+003 , -9.687860e+003 , -9.295823e+001 , 4.909707e+002 , 3.145672e+003 , -3.231774e+004 , 5.197326e+003 , -1.027852e+004
0.960000 , 1.092562e+002 , 2.463427e+002 , 3.434679e+003 , -7.666347e+004 , 1.092523e+004 , -4.345543e+004 , 5.240968e+001 , 2.898896e+002 , 3.432664e+003 , -7.601549e+004 , 9.908910e+003 , -4.486194e+004
0.970000 , -1.311970e+002 , -1.546563e+002 , 3.588052e+003 , -5.252379e+004 , -3.768899e+003 , -2.802757e+004 , -1.858697e+002 , -1.011544e+002 , 3.587732e+003 , -5.205810e+004 , -4.517095e+003 , -2.877152e+004
0.980000 , 1.150215e+002 , -3.866107e+002 , 2.762443e+003 , -1.723366e+004 , 1.642521e+004 , -3.698105e+003 , 7.703140e+001 , -3.377251e+002 , 2.770303e+003 , -1.729226e+004 , 1.624496e+004 , -4.229926e+003
0.990000 , 2.481292e+002 , -4.363760e+002 , 2.667645e+003 , -5.274650e+004 , 7.322803e+004 , 2.323288e+004 , 2.146520e+002 , -3.842926e+002 , 2.678580e+003 , -5.353614e+004 , 7.331548e+004 , 2.111190e+004
1.000000 , 1.039172e+002 , -2.408431e+002 , 2.310903e+003 , -2.706905e+004 , 1.943438e+004 , 3.260018e+004 , 7.506632e+001 , -1.937098e+002 , 2.316290e+003 , -2.761577e+004 , 1.990888e+004 , 3.175191e+004
1.010000 , 1.163002e+002 , -1.861838e+002 , 3.915974e+003 , -8.763242e+004 , 3.749755e+004 , -3.178438e+003 , 6.614665e+001 , -1.025645e+002 , 3.920249e+003 , -8.781702e+004 , 3.682055e+004 , -5.163776e+003
1.020000 , -3.648258e+002 , -3.071215e+002 , 4.474738e+003 , -1.351849e+004 , -8.404618e+004 , -1.082943e+004 , -4.205127e+002 , -2.116969e+002 , 4.475551e+003 , -1.280893e+004 , -8.434557e+004 , -9.078455e+003
1.030000 , -6.428959e+002 , -2.605339e+002 , 3.608218e+003 , -2.766514e+002 , -1.109838e+005 , -4.277477e+002 , -6.881973e+002 , -1.847726e+002 , 3.604508e+003 , 4.550018e+002 , -1.109619e+005 , 2.094718e+003
1.040000 , 3.263956e+002 , -2.896805e+002 , 1.909910e+003 , 1.833773e+004 , 8.300008e+004 , 9.316015e+003 , 3.034336e+002 , -2.445610e+002 , 1.920046e+003 , 1.766139e+004 , 8.331506e+004 , 7.859763e+003
1.050000 , 1.298900e+002 , -2.049783e+002 , 1.808562e+003 , -2.250700e+004 , 1.277955e+004 , 6.265941e+003 , 1.078618e+002 , -1.641394e+002 , 1.814165e+003 , -2.266442e+004 , 1.275317e+004 , 5.704978e+003
1.060000 , 1.197066e+002 , -6.381909e+001 , 1.602840e+003 , -1.958880e+004 , 9.948168e+003 , 1.021625e+004 , 9.980443e+001 , -2.886101e+001 , 1.605226e+003 , -1.978239e+004 , 1.002720e+004 , 9.766965e+003
1.070000 , -9.804458e+000 , 1.002398e+002 , 1.880599e+003 , 3.765868e+003 , -1.916720e+004 , 2.034853e+004 , -3.405095e+001 , 1.395065e+002 , 1.877841e+003 , 3.637642e+003 , -1.871422e+004 , 2.085524e+004
1.080000 , 1.597699e+002 , 1.626769e+002 , 3.243710e+003 , 4.397346e+004 , -8.937452e+003 , 3.917983e+002 , 1.197937e+002 , 2.299927e+002 , 3.241433e+003 , 4.400872e+004 , -8.613271e+003 , 1.079055e+003
1.090000 , -1.011169e+003 , -3.770688e+002 , 4.452396e+003 , 6.311277e+004 , -2.164307e+005 , -3.866414e+004 , -1.058500e+003 , -2.923897e+002 , 4.449929e+003 , 6.508749e+004 , -2.167042e+005 , -3.343516e+004
1.100000 , -1.266794e+002 , -7.398331e+002 , 3.371702e+003 , 4.501757e+004 , 1.530140e+004 , 1.272551e+003 , -1.566720e+002 , -6.692366e+002 , 3.385098e+003 , 4.495285e+004 , 1.566367e+004 , 1.417423e+003
1.110000 , 2.152219e+002 , -5.045039e+002 , 2.412164e+003 , -3.129672e+004 , -2.765972e+003 , -1.229800e+003 , 1.957218e+002 , -4.516653e+002 , 2.424537e+003 , -3.124893e+004 , -3.047225e+003 , -1.461786e+003
1.120000 , 1.335017e+002 , -4.029482e+002 , 2.166816e+003 , 1.827580e+004 , 2.155582e+004 , 2.539662e+004 , 1.174868e+002 , -3.549300e+002 , 2.176106e+003 , 1.786666e+004 , 2.225552e+004 , 2.508988e+004
1.130000 , -3.156435e+002 , -2.726141e+002 , 3.802707e+003 , -2.941385e+004 , -1.202174e+005 , -1.293369e+003 , -3.451584e+002 , -1.898562e+002 , 3.805162e+003 , -2.837273e+004 , -1.204964e+005 , 1.162906e+003
1.140000 , -4.963191e+002 , -1.955446e+002 , 4.467438e+003 , 1.595193e+004 , -6.989224e+004 , 2.667305e+003 , -5.314686e+002 , -9.496500e+001 , 4.466575e+003 , 1.655085e+004 , -6.965825e+004 , 4.435978e+003
1.150000 , 2.892100e+001 , -1.084996e+002 , 4.433987e+003 , 8.923611e+003 , -1.534113e+004 , 1.488351e+003 , -8.113479e+000 , 2.212989e+000 , 4.435590e+003 , 9.053826e+003 , -1.521632e+004 , 1.917021e+003
1.160000 , -3.295279e+002 , -1.695041e+001 , 3.497716e+003 , 7.331170e+004 , -5.146130e+004 , 4.996990e+003 , -3.616851e+002 , 7.245275e+001 , 3.493827e+003 , 7.378922e+004 , -5.055697e+004 , 6.964090e+003
1.170000 , 2.684710e+002 , -1.127445e+001 , 2.209600e+003 , 5.422049e+004 , 2.698215e+004 , 2.417613e+004 , 2.468100e+002 , 5.101560e+001 , 2.211616e+003 , 5.371748e+004 , 2.817898e+004 , 2.392467e+004
1.180000 , 1.338136e+002 , 1.031801e+002 , 1.671231e+003 , -1.761704e+004 , 1.345692e+004 , 1.109132e+004 , 1.155219e+002 , 1.491667e+002 , 1.669206e+003 , -1.784413e+004 , 1.356157e+004 , 1.054714e+004
1.190000 , 1.724806e+002 , 8.112521e+001 , 2.111055e+003 , -3.236136e+003 , 1.225254e+004 , -1.855277e+003 , 1.493988e+002 , 1.382870e+002 , 2.109688e+003 , -3.337447e+003 , 1.215443e+004 , -2.199622e+003
1.200000 , 4.690933e+001 , 1.863875e+002 , 4.748598e+003 , 7.278002e+002 , 7.296853e+004 , -1.539744e+004 , -3.005328e+000 , 3.069887e+002 , 4.742355e+003 , 7.952868e+001 , 7.255877e+004 , -1.719129e+004
1.210000 , 5.496817e+001 , -2.359159e+002 , 5.650337e+003 , -3.070320e+004 , -3.880656e+004 , -3.070600e+004 , 2.795326e+000 , -9.499556e+001 , 5.655191e+003 , -2.996052e+004 , -3.992283e+004 , -3.002144e+004
1.220000 , -1.063139e+003 , -2.143010e+002 , 4.616442e+003 , -4.558433e+004 , -1.404571e+005 , -4.695302e+004 , -1.105972e+003 , -1.131737e+002 , 4.609823e+003 , -4.336565e+004 , -1.421395e+005 , -4.388861e+004
1.230000 , 1.678724e+002 , -3.451452e+002 , 2.821256e+003 , -4.540891e+004 , 2.848702e+004 , 1.459195e+004 , 1.422884e+002 , -2.737497e+002 , 2.830448e+003 , -4.583741e+004 , 2.825414e+004 , 1.332660e+004
1.240000 , 2.104364e+002 , -3.421493e+002 , 1.525859e+003 , -1.168177e+004 , 5.278198e+004 , 1.794275e+004 , 1.973499e+002 , -3.035252e+002 , 1.535980e+003 , -1.254964e+004 , 5.305035e+004 , 1.654586e+004
1.250000 , -2.064544e+002 , 1.562052e+002 , 1.134463e+003 , -4.274390e+003 , -7.591816e+004 , 2.679592e+004 , -2.229809e+002 , 1.782681e+002 , 1.128392e+003 , -3.685841e+003 , -7.535949e+004 , 2.843978e+004
1.260000 , 1.885519e+002 , 2.793684e+002 , 2.217521e+003 , -3.996776e+004 , 5.843486e+004 , -2.981158e+003 , 1.551764e+002 , 3.301941e+002 , 2.213309e+003 , -4.085504e+004 , 5.781794e+004 , -4.840552e+003
1.270000 , 6.470333e+002 , 4.145399e+002 , 4.253726e+003 , 6.239190e+003 , 5.804574e+004 , 8.244275e+003 , 5.815694e+002 , 5.169958e+002 , 4.252135e+003 , 5.304689e+003 , 5.826614e+004 , 7.080852e+003
1.280000 , -9.843249e+002 , 6.999368e+002 , 5.824833e+003 , 4.895272e+004 , -1.873371e+005 , -3.504040e+004 , -1.079415e+003 , 8.186064e+002 , 5.792796e+003 , 5.186887e+004 , -1.875580e+005 , -3.000432e+004
1.290000 , -3.375228e+002 , -1.269582e+002 , 4.371681e+003 , 1.164617e+005 , -6.349327e+004 , 1.856735e+004 , -4.027555e+002 , -2.798048e+001 , 4.368005e+003 , 1.168282e+005 , -6.138112e+004 , 2.178060e+004
1.300000 , 2.095826e+002 , -4.137451e+002 , 2.517545e+003 , 3.412415e+004 , 8.077949e+004 , 1.188298e+004 , 1.754131e+002 , -3.520786e+002 , 2.529265e+003 , 3.282595e+004 , 8.138636e+004 , 1.047040e+004
1.310000 , 1.378610e+002 , -1.252178e+002 , 1.021020e+003 , 3.434044e+004 , 3.635501e+004 , 4.023916e+004 , 1.222389e+002 , -9.918998e+001 , 1.025848e+003 , 3.317862e+004 , 3.779233e+004 , 3.993209e+004
1.320000 , 8.361597e+001 , 1.004877e+002 , 1.613965e+003 , -6.101987e+004 , 1.006108e+004 , 1.784058e+004 , 5.349955e+001 , 1.383007e+002 , 1.612371e+003 , -6.146955e+004 , 9.657324e+003 , 1.652612e+004
1.330000 , 7.625312e+000 , 2.420861e+002 , 2.190687e+003 , -1.111726e+003 , 5.585990e+003 , 2.492899e+003 , -3.652781e+001 , 2.948948e+002 , 2.183918e+003 , -1.243367e+003 , 5.640880e+003 , 2.300895e+003
1.340000 , -2.273813e+002 , 4.155337e+002 , 3.694362e+003 , -6.977383e+003 , -1.133109e+005 , 1.103870e+003 , -3.046674e+002 , 5.026515e+002 , 3.677265e+003 , -5.468353e+003 , -1.133414e+005 , 3.920578e+003
1.350000 , 2.350080e+001 , 1.432696e+002 , 4.471890e+003 , 2.242549e+004 , -4.471566e+004 , -2.916348e+004 , -6.687588e+001 , 2.702780e+002 , 4.465607e+003 , 2.359356e+004 , -4.520428e+004 , -2.771927e+004
1.360000 , -4.682012e+002 , -1.315326e+002 , 3.934363e+003 , 7.513349e+004 , -1.191758e+005 , -1.106520e+004 , -5.440210e+002 , -1.866940e+001 , 3.926937e+003 , 7.684306e+004 , -1.184077e+005 , -5.904746e+003
1.370000 , 1.225176e+002 , -3.961305e+002 , 2.262310e+003 , 8.560957e+004 , 4.863263e+004 , 2.237349e+004 , 8.267000e+001 , -3.232049e+002 , 2.275967e+003 , 8.462362e+004 , 5.043667e+004 , 2.228965e+004
1.380000 , 1.643841e+002 , -7.622754e+001 , 2.106093e+003 , -7.152694e+003 , -1.393047e+004 , 1.598645e+004 , 1.232051e+002 , -5.529828e+000 , 2.110844e+003 , -7.255693e+003 , -1.349495e+004 , 1.628118e+004
1.390000 , 7.479085e+001 , 8.237156e+001 , 4.141761e+003 , -1.436967e+004 , -1.030890e+004 , 2.186419e+003 , -7.811663e+000 , 2.238584e+002 , 4.137594e+003 , -1.427680e+004 , -1.038824e+004 , 2.304916e+003
1.400000 , -1.156020e+003 , 1.566877e+002 , 5.464826e+003 , 4.668562e+004 , -2.530321e+005 , 1.933395e+003 , -1.265747e+003 , 3.391470e+002 , 5.431854e+003 , 4.978295e+004 , -2.521783e+005 , 1.197834e+004
1.410000 , -8.808707e+001 , -1.785363e+002 , 5.037529e+003 , 5.369909e+004 , -9.496522e+003 , -1.403993e+004 , -1.849102e+002 , 1.295623e+001 , 5.038048e+003 , 5.411263e+004 , -9.352422e+003 , -1.270784e+004
1.420000 , 8.236356e+001 , -9.478425e+001 , 3.857170e+003 , 4.325453e+004 , -1.679180e+004 , 2.624632e+003 , 8.559718e+000 , 6.013964e+001 , 3.858633e+003 , 4.340403e+004 , -1.612305e+004 , 4.140212e+003
1.430000 , -8.073711e+001 , -2.192463e+002 , 2.929283e+003 , 7.334800e+004 , 8.375781e+003 , -3.743902e+003 , -1.344093e+002 , -1.014776e+002 , 2.933317e+003 , 7.330011e+004 , 9.145512e+003 , -2.712175e+003
1.440000 , 1.699924e+002 , -7.919106e+001 , 2.685739e+003 , -2.110466e+004 , 4.769096e+003 , 2.126342e+004 , 1.198158e+002 , 3.048423e+001 , 2.689304e+003 , -2.155227e+004 , 5.347760e+003 , 2.064014e+004
1.450000 , 1.176484e+002 , 1.532687e+002 , 2.494148e+003 , -3.546403e+004 , 3.179997e+004 , 1.753619e+003 , 6.986116e+001 , 2.520499e+002 , 2.488557e+003 , -3.587946e+004 , 3.140367e+004 , -1.330991e+002
1.460000 , 3.231791e+001 , 4.483932e+002 , 3.652461e+003 , -2.775167e+004 , -3.949536e+004 , 1.425536e+004 , -3.868884e+001 , 5.895282e+002 , 3.632346e+003 , -2.752493e+004 , -3.918533e+004 , 1.529459e+004
1.470000 , -3.619811e+002 , 5.191136e+002 , 4.519172e+003 , -5.801132e+004 , -3.079354e+004 , -3.620176e+004 , -4.459459e+002 , 6.869349e+002 , 4.489170e+003 , -5.701547e+004 , -3.288416e+004 , -3.600129e+004
1.480000 , 1.110901e+002 , 1.187503e+002 , 4.283774e+003 , -2.690536e+004 , 6.312359e+003 , -1.691314e+004 , 4.064375e+001 , 2.806084e+002 , 4.277510e+003 , -2.670406e+004 , 5.336482e+003 , -1.755998e+004
1.490000 , -2.168178e+001 , -2.738302e+002 , 3.550745e+003 , -2.677414e+004 , -8.016679e+002 , -2.407598e+004 , -7.123106e+001 , -1.510120e+002 , 3.557569e+003 , -2.640086e+004 , -2.004285e+003 , -2.441323e+004
1.500000 , 2.934868e+002 , -1.980868e+002 , 3.132012e+003 , -5.960166e+003 , 1.262587e+004 , 1.376551e+004 , 2.525485e+002 , -9.089802e+001 , 3.140810e+003 , -6.311374e+003 , 1.300190e+004 , 1.323984e+004
1.510000 , -1.486380e+002 , -1.401496e+002 , 3.651351e+003 , -4.155280e+004 , 7.186531e+003 , -1.260607e+004 , -1.943585e+002 , -3.338017e+001 , 3.651784e+003 , -4.146727e+004 , 6.344342e+003 , -1.333528e+004
1.520000 , 6.233771e+001 , 9.136823e+001 , 4.520382e+003 , -6.806524e+004 , -3.371034e+004 , 7.887294e+003 , 5.248762e+000 , 2.115075e+002 , 4.516870e+003 , -6.775962e+004 , -3.425368e+004 , 7.952318e+003
1.530000 , -4.080370e+002 , 1.142658e+001 , 5.038505e+003 , -5.627967e+004 , -3.549387e+004 , -4.371740e+004 , -4.673873e+002 , 1.276771e+002 , 5.031195e+003 , -5.533193e+004 , -3.723010e+004 , -4.348758e+004
1.540000 , 4.436202e+001 , -4.531032e+002 , 4.934172e+003 , -6.514536e+003 , -2.514721e+004 , 1.081981e+004 , -5.714332e+000 , -3.409598e+002 , 4.943055e+003 , -6.341547e+003 , -2.504567e+004 , 1.131009e+004
1.550000 , -2.040971e+002 , -3.634405e+002 , 4.674494e+003 , 2.439069e+004 , 1.575059e+004 , -1.314517e+004 , -2.496317e+002 , -2.669007e+002 , 4.679278e+003 , 2.433111e+004 , 1.577583e+004 , -1.322835e+004
1.560000 , 7.607912e+001 , -3.212627e+002 , 2.970053e+003 , 4.902484e+004 , 4.899143e+004 , 3.323397e+004 , 4.900355e+001 , -2.620217e+002 , 2.976516e+003 , 4.811611e+004 , 5.016501e+004 , 3.276557e+004
1.570000 , 2.798854e+002 , -5.550157e+001 , 3.021223e+003 , -3.068464e+003 , 2.162660e+004 , -3.928915e+003 , 2.500913e+002 , -6.809478e-003 , 3.024405e+003 , -3.287023e+003 , 2.151969e+004 , -4.322972e+003
1.580000 , 6.946522e+001 , -8.278883e+001 , 3.078427e+003 , -1.159484e+003 , 3.947635e+004 , -6.990838e+003 , 3.772874e+001 , -3.631671e+001 , 3.079817e+003 , -1.568099e+003 , 3.936501e+004 , -7.593029e+003
1.590000 , -1.329334e+001 , 4.624583e+002 , 3.857437e+003 , -4.998562e+004 , -3.924194e+004 , 7.171041e+003 , -6.316560e+001 , 5.136564e+002 , 3.850424e+003 , -4.958147e+004 , -3.976007e+004 , 7.126061e+003
1.600000 , -9.631466e+001 , 3.394237e+002 , 3.774816e+003 , -5.907482e+004 , -1.805889e+004 , -4.036097e+004 , -1.477382e+002 , 3.871963e+002 , 3.768495e+003 , -5.834007e+004 , -1.931659e+004 , -4.084894e+004
1.610000 , -8.731435e+001 , 4.230917e+002 , 3.317568e+003 , -8.120969e+004 , -3.822593e+004 , 4.438878e+003 , -1.375248e+002 , 4.665986e+002 , 3.310060e+003 , -8.079604e+004 , -3.915465e+004 , 3.865332e+003
1.620000 , 5.202388e+001 , 3.435849e+002 , 2.883765e+003 , -4.339432e+004 , 2.495461e+004 , -3.708223e+004 , 5.603895e+000 , 3.836270e+002 , 2.878975e+003 , -4.313192e+004 , 2.391973e+004 , -3.805623e+004
1.630000 , 7.880991e+001 , 2.149844e+002 , 3.063549e+003 , -1.038635e+005 , -3.027871e+004 , 7.264116e+002 , 2.872055e+001 , 2.572050e+002 , 3.061150e+003 , -1.035039e+005 , -3.148875e+004 , -4.738258e+002
1.640000 , -6.160270e+001 , 2.465246e+002 , 3.005268e+003 , -1.306259e+005 , 4.116678e+004 , -4.455158e+004 , -1.126183e+002 , 2.861149e+002 , 3.000284e+003 , -1.303911e+005 , 3.907456e+004 , -4.714845e+004
1.650000 , 8.018986e+001 , 2.082250e+002 , 4.257205e+003 , -9.354759e+004 , -4.770452e+004 , -5.027593e+003 , 8.144199e+000 , 2.691723e+002 , 4.254700e+003 , -9.291870e+004 , -4.884425e+004 , -5.814187e+003
1.660000 , -8.257268e+002 , -7.876667e+000 , 4.956877e+003 , -6.578536e+004 , -1.181912e+005 , -9.201144e+004 , -9.087184e+002 , 6.172913e+001 , 4.942606e+003 , -6.295282e+004 , -1.203139e+005 , -9.117764e+004
1.670000 , -4.375505e+000 , 8.732701e+002 , 4.408079e+003 , -8.695054e+004 , -1.819170e+004 , -9.789897e+003 , -9.215205e+001 , 9.547717e+002 , 4.390122e+003 , -8.658579e+004 , -1.941902e+004 , -1.099671e+004
1.680000 , 1.332747e+002 , 4.596390e+002 , 3.076606e+003 , 6.729998e+004 , 5.930767e+004 , -1.481766e+004 , 6.997238e+001 , 5.255284e+002 , 3.068061e+003 , 6.688204e+004 , 5.972471e+004 , -1.483447e+004
1.690000 , 1.613570e+002 , 4.028476e+002 , 2.315578e+003 , -1.323391e+004 , 4.448609e+004 , 1.646462e+004 , 1.099267e+002 , 4.560858e+002 , 2.308650e+003 , -1.404798e+004 , 4.470799e+004 , 1.521820e+004
1.700000 , -1.928182e+002 , 4.051492e+002 , 3.075279e+003 , -1.572644e+003 , -3.268941e+004 , -1.225094e+004 , -2.633038e+002 , 4.739891e+002 , 3.060141e+003 , -9.604991e+002 , -3.297853e+004 , -1.135212e+004
1.710000 , 7.397721e+001 , 4.395159e+002 , 2.756474e+003 , -7.175968e+004 , 4.220409e+004 , -2.467436e+003 , 7.718610e+000 , 5.052190e+002 , 2.746332e+003 , -7.214909e+004 , 4.136477e+004 , -5.026435e+003
1.720000 , 9.780509e+001 , 5.194763e+002 , 2.892186e+003 , -5.315463e+004 , -6.389251e+004 , 1.141526e+004 , 2.626238e+001 , 5.896551e+002 , 2.880482e+003 , -5.276969e+004 , -6.416858e+004 , 1.176360e+004
1.730000 , -2.947349e+002 , 4.952522e+002 , 2.643649e+003 , -6.920332e+003 , -1.808604e+004 , -2.534079e+004 , -3.607709e+002 , 5.568863e+002 , 2.623021e+003 , -6.156141e+003 , -1.879334e+004 , -2.505937e+004
1.740000 , 6.398436e+001 , 5.152104e+002 , 2.165248e+003 , 1.294339e+004 , -9.028434e+003 , 3.190942e+004 , 8.809797e+000 , 5.693608e+002 , 2.152479e+003 , 1.227437e+004 , -8.116855e+003 , 3.239451e+004
1.750000 , 1.654255e+002 , 1.933798e+002 , 1.797502e+003 , 4.663694e+004 , 3.523251e+004 , -1.215301e+004 , 1.225697e+002 , 2.385465e+002 , 1.795213e+003 , 4.656545e+004 , 3.535493e+004 , -1.198825e+004
1.760000 , -2.160572e+002 , 5.433021e+000 , 2.806203e+003 , 7.549659e+004 , -6.583922e+004 , 4.926015e+003 , -2.784972e+002 , 6.948106e+001 , 2.799810e+003 , 7.590083e+004 , -6.500442e+004 , 8.147351e+003
1.770000 , -1.418606e+001 , -3.817545e+001 , 2.730853e+003 , 1.454046e+005 , -4.661308e+003 , 9.445759e+003 , -7.192364e+001 , 2.239439e+001 , 2.730115e+003 , 1.452023e+005 , -3.234458e+003 , 1.266071e+004
1.780000 , -8.707760e+001 , -3.842496e+002 , 3.621170e+003 , 5.102712e+004 , -3.803612e+004 , -1.400452e+004 , -1.565287e+002 , -3.097515e+002 , 3.626004e+003 , 5.158052e+004 , -3.791860e+004 , -1.219132e+004
1.790000 , -1.683285e+002 , -6.165178e+002 , 2.665208e+003 , 1.074591e+005 , -1.192385e+004 , 1.559440e+004 , -2.146555e+002 , -5.636306e+002 , 2.673336e+003 , 1.072421e+005 , -1.081250e+004 , 1.780786e+004
1.800000 , 1.397509e+002 , -4.240215e+002 , 2.499690e+003 , 3.587159e+004 , -1.651006e+003 , 5.370100e+003 , 9.850835e+001 , -3.755614e+002 , 2.509338e+003 , 3.578699e+004 , -1.294435e+003 , 5.994274e+003
1.810000 , 1.439536e+002 , -3.607538e+002 , 2.039256e+003 , -2.817756e+004 , 6.655374e+004 , 3.230272e+004 , 1.124776e+002 , -3.229419e+002 , 2.047527e+003 , -2.909154e+004 , 6.694938e+004 , 3.055755e+004
1.820000 , 1.063315e+002 , -5.815215e+001 , 2.424591e+003 , 2.384039e+004 , -2.400651e+004 , 2.011550e+004 , 6.868041e+001 , -1.614535e+001 , 2.426679e+003 , 2.367950e+004 , -2.349462e+004 , 2.086432e+004
1.830000 , -4.765341e+002 , -2.042273e+002 , 3.634876e+003 , -2.568294e+003 , -5.961113e+004 , -1.336408e+004 , -5.293103e+002 , -1.477366e+002 , 3.630437e+003 , -2.032628e+003 , -5.982243e+004 , -1.242261e+004
1.840000 , 2.312806e+001 , -4.500271e+002 , 3.857555e+003 , 6.275563e+004 , -3.468426e+004 , 4.250246e+003 , -2.739264e+001 , -3.881442e+002 , 3.864141e+003 , 6.286339e+004 , -3.426070e+004 , 5.675324e+003
1.850000 , 3.057441e+002 , -5.659193e+002 , 3.151004e+003 , -9.594718e+003 , 7.676679e+004 , 2.355034e+004 , 2.680880e+002 , -5.138910e+002 , 3.163214e+003 , -1.030950e+004 , 7.707401e+004 , 2.227526e+004
1.860000 , -4.294497e+001 , -5.781693e+002 , 4.017960e+003 , 5.798071e+004 , -8.012960e+004 , -1.180292e+004 , -8.737200e+001 , -5.144233e+002 , 4.025899e+003 , 5.852426e+004 , -7.999730e+004 , -9.793371e+003
1.870000 , -6.908235e+002 , -5.761841e+002 , 5.291239e+003 , 9.682727e+004 , -8.652602e+004 , 6.566928e+003 , -7.446518e+002 , -4.970853e+002 , 5.291965e+003 , 9.721784e+004 , -8.588878e+004 , 8.956507e+003
1.880000 , -2.298900e+002 , -6.255280e+002 , 5.400659e+003 , 4.149482e+004 , -5.834220e+004 , 2.060022e+004 , -2.786493e+002 , -5.458588e+002 , 5.406952e+003 , 4.157736e+004 , -5.781379e+004 , 2.189850e+004
1.890000 , -2.585688e+002 , -5.149904e+002 , 4.237840e+003 , 4.426423e+004 , -6.606610e+004 , 1.062014e+004 , -2.931092e+002 , -4.580932e+002 , 4.242179e+003 , 4.447951e+004 , -6.569189e+004 , 1.192116e+004
1.900000 , -8.125887e+001 , -4.479903e+002 , 2.423764e+003 , 1.108354e+005 , 5.947867e+002 , 4.642436e+004 , -9.938138e+001 , -4.198100e+002 , 2.428265e+003 , 1.104413e+005 , 1.663167e+003 , 4.732840e+004
1.910000 , -7.942811e+001 , 9.919180e+001 , 2.115552e+003 , -8.051225e+003 , -4.825474e+004 , -2.102445e+003 , -9.774854e+001 , 1.191430e+002 , 2.113780e+003 , -7.805473e+003 , -4.830695e+004 , -1.708025e+003
1.920000 , 1.870436e+002 , 2.625174e+002 , 2.676233e+003 , 1.081447e+005 , 4.138665e+004 , -5.547192e+003 , 1.627553e+002 , 2.853442e+002 , 2.675381e+003 , 1.079826e+005 , 4.188455e+004 , -4.943400e+003
1.930000 , 4.920019e+001 , 7.847296e+002 , 5.348618e+003 , 1.679462e+005 , -1.631754e+004 , -9.560227e+003 , -2.556723e+000 , 8.257693e+002 , 5.342780e+003 , 1.680792e+005 , -1.552193e+004 , -7.945525e+003
1.940000 , -3.576870e+002 , 7.264488e+002 , 5.966764e+003 , 1.322937e+005 , -9.971346e+004 , 2.287226e+003 , -4.142725e+002 , 7.681247e+002 , 5.957711e+003 , 1.328015e+005 , -9.901007e+004 , 4.205512e+003
1.950000 , 7.983359e+001 , 8.299906e+002 , 3.898258e+003 , 9.114673e+004 , -8.421749e+003 , -6.043255e+002 , 3.991283e+001 , 8.572475e+002 , 3.892988e+003 , 9.118827e+004 , -7.933228e+003 , 2.780499e+002
1.960000 , 2.903665e+002 , 6.225555e+002 , 2.036416e+003 , 6.832876e+004 , 5.272130e+004 , 1.319177e+003 , 2.674899e+002 , 6.361838e+002 , 2.035348e+003 , 6.803011e+004 , 5.310064e+004 , 1.661251e+003
1.970000 , -8.100980e+001 , 3.198176e+002 , 2.492106e+003 , 1.035906e+005 , -2.703133e+004 , 2.228474e+004 , -1.089514e+002 , 3.314476e+002 , 2.489556e+003 , 1.034969e+005 , -2.635641e+004 , 2.349841e+004
1.980000 , -1.488583e+002 , 6.624928e+002 , 2.612421e+003 , 7.805696e+003 , -3.880602e+003 , 6.801089e+003 , -1.821865e+002 , 6.715865e+002 , 2.607988e+003 , 7.752447e+003 , -3.815301e+003 , 6.899487e+003
1.990000 , 2.209062e+002 , 6.619054e+002 , 2.913883e+003 , 2.635664e+004 , 9.292984e+003 , 4.251995e+003 , 1.826547e+002 , 6.725914e+002 , 2.914083e+003 , 2.625173e+004 , 9.453265e+003 , 4.549206e+003
2.000000 , -3.722186e+001 , 7.951087e+002 , 3.076370e+003 , 1.018610e+005 , 1.619470e+004 , -2.050822e+004 , -7.850153e+001 , 8.043600e+002 , 3.073284e+003 , 1.020189e+005 , 1.667089e+004 , -1.935648e+004
2.010000 , 2.181695e+001 , 4.751915e+002 , 2.895403e+003 , 3.686877e+004 , -4.668676e+004 , -1.029165e+000 , -1.506874e+001 , 4.850020e+002 , 2.894272e+003 , 3.712043e+004 , -4.649628e+004 , 5.752398e+002
2.020000 , 2.388096e+002 , 4.439006e+002 , 4.225089e+003 , -1.493233e+004 , 1.860941e+004 , -2.241603e+004 , 1.868615e+002 , 4.616392e+002 , 4.225914e+003 , -1.474395e+004 , 1.844725e+004 , -2.266847e+004
2.030000 , -6.334180e+002 , 9.203652e+001 , 5.258666e+003 , -5.642039e+003 , -8.847331e+004 , -2.325979e+004 , -6.953504e+002 , 1.128068e+002 , 5.251015e+003 , -4.943753e+003 , -8.860533e+004 , -2.292489e+004
2.040000 , -3.804736e+002 , -1.856195e+002 , 3.993725e+003 , -8.063865e+003 , -5.508919e+004 , -2.775208e+004 , -4.265325e+002 , -1.669869e+002 , 3.989979e+003 , -7.476623e+003 , -5.526689e+004 , -2.758367e+004
2.050000 , 2.580274e+002 , 1.914386e+000 , 3.565940e+003 , -3.412227e+004 , -2.449010e+004 , 5.912011e+002 , 2.151397e+002 , 2.177932e+001 , 3.568761e+003 , -3.401611e+004 , -2.464493e+004 , 3.077483e+002
2.060000 , -1.570147e+002 , -1.426972e+000 , 3.068604e+003 , 3.963250e+004 , -6.352248e+004 , -2.744813e+003 , -1.950170e+002 , 1.415561e+001 , 3.065780e+003 , 3.994221e+004 , -6.336084e+004 , -1.930124e+003
2.070000 , -5.778020e+001 , 1.400877e+001 , 3.336005e+003 , 1.497894e+003 , -1.807359e+004 , 1.936028e+004 , -1.013762e+002 , 3.157827e+001 , 3.334856e+003 , 1.316032e+003 , -1.795943e+004 , 1.944666e+004
2.080000 , 4.982665e+001 , 2.806126e+002 , 3.790709e+003 , -3.355813e+004 , 7.846177e+004 , -2.927635e+004 , -4.152428e+000 , 3.017366e+002 , 3.789555e+003 , -3.352918e+004 , 7.814366e+004 , -3.023354e+004
2.090000 , 2.060229e+002 , 4.924959e+002 , 3.255396e+003 , -3.855830e+004 , 4.860167e+004 , -3.267842e+003 , 1.551272e+002 , 5.116747e+002 , 3.255407e+003 , -3.871583e+004 , 4.840295e+004 , -4.132488e+003
2.100000 , -3.293153e+002 , 4.977106e+002 , 3.011156e+003 , 2.828252e+004 , -8.268441e+004 , 1.481089e+004 , -3.804451e+002 , 5.128293e+002 , 3.002538e+003 , 2.840590e+004 , -8.247506e+004 , 1.566253e+004
2.110000 , 1.320385e+002 , 4.577091e+002 , 2.094890e+003 , 3.795837e+003 , 6.549148e+004 , -1.645449e+004 , 9.389877e+001 , 4.695687e+002 , 2.094050e+003 , 3.796334e+003 , 6.541033e+004 , -1.678907e+004
2.120000 , -5.908161e+000 , 1.016975e+002 , 4.724962e+002 , -3.393332e+004 , 5.054175e+003 , 1.021760e+004 , -1.477233e+001 , 1.042452e+002 , 4.717083e+002 , -3.414316e+004 , 4.956189e+003 , 9.551877e+003
2.130000 , -5.064291e+001 , -9.540868e+001 , 2.022959e+002 , 2.433615e+004 , -1.507321e+004 , 3.002829e+004 , -5.564083e+001 , -9.426498e+001 , 2.037464e+002 , 2.382826e+004 , -1.480731e+004 , 3.080789e+004
2.140000 , 6.683825e+002 , 4.501224e+002 , 4.294279e+003 , 3.054700e+004 , 7.331852e+004 , -1.630405e+002 , 5.776419e+002 , 4.786449e+002 , 4.302927e+003 , 3.026941e+004 , 7.342839e+004 , -4.337497e+000
2.150000 , -7.333345e+002 , 4.971146e+002 , 8.255469e+003 , 1.302436e+005 , -1.487263e+005 , -3.687387e+004 , -8.902143e+002 , 5.495010e+002 , 8.240422e+003 , 1.315455e+005 , -1.483983e+005 , -3.336366e+004
2.160000 , -2.014970e+003 , -5.163054e+002 , 6.382392e+003 , 2.146809e+005 , -3.599454e+005 , -2.571430e+004 , -2.130088e+003 , -4.789110e+002 , 6.347664e+003 , 2.166642e+005 , -3.591770e+005 , -1.913111e+004
2.170000 , 6.165172e+002 , -9.012975e+002 , 2.728677e+003 , 3.131328e+004 , 1.252757e+005 , 4.040441e+004 , 5.733461e+002 , -8.782456e+002 , 2.746201e+003 , 3.008421e+004 , 1.257144e+005 , 3.996002e+004
2.180000 , -1.864609e+002 , -6.056969e+001 , 1.083243e+003 , 6.253200e+004 , -7.206515e+004 , 3.408016e+003 , -2.044993e+002 , -5.328987e+001 , 1.080723e+003 , 6.274672e+004 , -7.178432e+004 , 5.005416e+003
2.190000 , 2.605793e+002 , 2.927283e+002 , 8.769688e+002 , -1.273676e+005 , 6.626532e+004 , 5.117941e+004 , 2.448076e+002 , 2.991064e+002 , 8.791794e+002 , -1.284637e+005 , 6.610747e+004 , 4.857784e+004
2.200000 , 3.279775e+002 , -3.047570e+002 , 1.708144e+003 , 8.291452e+004 , 4.511117e+003 , -5.917379e+003 , 2.994878e+002 , -2.951093e+002 , 1.715007e+003 , 8.298946e+004 , 4.751565e+003 , -4.521916e+003
2.210000 , 6.821867e+002 , 2.145463e+002 , 4.214533e+003 , -2.245504e+005 , 1.387018e+005 , 3.518572e+004 , 6.096822e+002 , 2.296449e+002 , 4.225063e+003 , -2.254743e+005 , 1.382075e+005 , 3.095476e+004
2.220000 , -1.589378e+002 , 1.037918e+002 , 4.786451e+003 , -6.359787e+004 , -2.251126e+004 , -4.689202e+004 , -2.374636e+002 , 1.078788e+002 , 4.783355e+003 , -6.277674e+004 , -2.267992e+004 , -4.793036e+004
2.230000 , 1.481262e+002 , -3.638760e+002 , 3.352856e+003 , -2.048254e+004 , 1.238480e+005 , -1.573323e+004 , 9.801051e+001 , -3.683870e+002 , 3.354177e+003 , -2.044293e+004 , 1.238288e+005 , -1.585889e+004
2.240000 , 4.657100e+002 , -1.908008e+002 , 2.625960e+003 , -1.410231e+005 , 3.133094e+004 , 3.232028e+004 , 4.296096e+002 , -1.995659e+002 , 2.631437e+003 , -1.415049e+005 , 3.101700e+004 , 3.045241e+004
2.250000 , -1.140901e+002 , -3.953601e+002 , 4.424036e+003 , -1.259400e+005 , -1.724991e+004 , -3.388392e+004 , -1.686542e+002 , -4.175238e+002 , 4.420214e+003 , -1.254980e+005 , -1.720385e+004 , -3.554836e+004
2.260000 , -6.080199e+002 , -3.604553e+001 , 5.362959e+003 , -1.721212e+005 , -1.263480e+005 , -3.672832e+004 , -6.693183e+002 , -6.621833e+001 , 5.355444e+003 , -1.716159e+005 , -1.262548e+005 , -3.940583e+004
2.270000 , -6.091618e+002 , -4.736522e+002 , 4.725224e+003 , -7.573484e+004 , -7.514179e+004 , -4.272304e+004 , -6.607693e+002 , -5.014699e+002 , 4.715367e+003 , -7.525809e+004 , -7.488932e+004 , -4.397268e+004
2.280000 , 4.401089e+002 , -7.367823e+002 , 3.622332e+003 , -1.214458e+005 , 3.836415e+004 , 2.754100e+004 , 4.014528e+002 , -7.601796e+002 , 3.621986e+003 , -1.217164e+005 , 3.824553e+004 , 2.650769e+004
2.290000 , 8.625448e+001 , -5.696297e+002 , 3.689550e+003 , -1.009444e+005 , 7.065257e+004 , -2.264352e+004 , 4.776321e+001 , -5.964980e+002 , 3.686017e+003 , -1.006407e+005 , 7.093360e+004 , -2.315735e+004
2.300000 , 6.161915e+001 , -3.794790e+002 , 3.604925e+003 , -8.163793e+004 , 8.093111e+003 , 8.754208e+003 , 2.465987e+001 , -4.095839e+002 , 3.602134e+003 , -8.168595e+004 , 8.147301e+003 , 7.981839e+003
2.310000 , -2.089541e+002 , -4.458181e+000 , 4.384417e+003 , -1.376450e+005 , -7.748270e+004 , -2.384864e+004 , -2.539167e+002 , -4.500400e+001 , 4.381763e+003 , -1.375307e+005 , -7.698370e+004 , -2.603353e+004
2.320000 , 1.354961e+002 , 6.356549e+001 , 4.759609e+003 , -6.415113e+004 , -5.987574e+003 , -2.508210e+004 , 8.455411e+001 , 1.660951e+001 , 4.761192e+003 , -6.388339e+004 , -5.602649e+003 , -2.583008e+004
2.330000 , -4.373323e+002 , 4.848531e+002 , 4.298358e+003 , -4.779096e+004 , -7.859000e+004 , -1.288690e+004 , -4.856353e+002 , 4.455272e+002 , 4.297555e+003 , -4.781375e+004 , -7.834948e+004 , -1.417375e+004
2.340000 , -4.893720e+001 , 5.689610e+002 , 3.013259e+003 , -5.864662e+004 , 1.283263e+003 , -1.746368e+004 , -8.576880e+001 , 5.444504e+002 , 3.016936e+003 , -5.841673e+004 , 1.571650e+003 , -1.819097e+004
2.350000 , 2.385149e+002 , 4.157074e+002 , 2.407505e+003 , -1.393502e+003 , 2.626484e+003 , 1.152077e+004 , 2.074042e+002 , 3.997804e+002 , 2.413197e+003 , -1.566734e+003 , 2.558040e+003 , 1.152548e+004
2.360000 , 2.008377e+002 , 5.864777e+002 , 1.918399e+003 , 5.948309e+002 , 6.352781e+004 , -1.866510e+004 , 1.724808e+002 , 5.778628e+002 , 1.924316e+003 , 1.033481e+003 , 6.360977e+004 , -1.840258e+004
2.370000 , 2.261581e+002 , 8.633278e+002 , 4.171610e+003 , -6.537887e+004 , -2.529813e+004 , 1.921578e+004 , 1.572013e+002 , 8.518149e+002 , 4.177321e+003 , -6.588021e+004 , -2.516003e+004 , 1.804598e+004
2.380000 , -6.765621e+002 , 9.984236e+002 , 5.961122e+003 , -3.041000e+004 , -1.256591e+005 , -8.517386e+004 , -7.797267e+002 , 9.912142e+002 , 5.950414e+003 , -2.928795e+004 , -1.254368e+005 , -8.591198e+004
2.390000 , -5.343829e+002 , 3.930505e+002 , 5.174919e+003 , 8.281755e+003 , -1.128642e+005 , -5.640488e+004 , -6.283328e+002 , 3.897385e+002 , 5.164594e+003 , 8.945314e+003 , -1.128350e+005 , -5.636586e+004
2.400000 , 7.558288e+001 , 1.928881e+002 , 3.169320e+003 , 5.919333e+004 , -8.582968e+003 , -3.389575e+004 , 1.715861e+001 , 1.899382e+002 , 3.170281e+003 , 5.978623e+004 , -8.781897e+003 , -3.278122e+004
2.410000 , 7.378403e+001 , 1.114173e+002 , 1.706744e+003 , 1.977026e+004 , 7.916674e+003 , 4.040816e+004 , 4.085334e+001 , 1.096775e+002 , 1.708100e+003 , 1.900207e+004 , 7.802216e+003 , 4.079881e+004
2.420000 , 1.610472e+002 , 2.541047e+002 , 1.739310e+003 , 2.431748e+004 , 4.600055e+004 , 5.380265e+003 , 1.250939e+002 , 2.520162e+002 , 1.742509e+003 , 2.440707e+004 , 4.589114e+004 , 5.951316e+003
2.430000 , -1.668143e+001 , 5.948518e+002 , 2.654133e+003 , -2.352110e+004 , 1.376903e+004 , 6.895035e+002 , -7.220086e+001 , 5.936598e+002 , 2.653462e+003 , -2.349174e+004 , 1.386783e+004 , 1.864546e+002
2.440000 , -3.516618e+002 , 6.531232e+002 , 4.265859e+003 , 3.162303e+003 , -1.203508e+005 , 5.956359e+003 , -4.459367e+002 , 6.554013e+002 , 4.256683e+003 , 2.485891e+003 , -1.203641e+005 , 6.038527e+003
2.450000 , -1.323087e+002 , 5.179068e+002 , 3.761711e+003 , -4.080014e+004 , 4.013652e+003 , -3.952699e+004 , -2.190984e+002 , 5.226360e+002 , 3.757048e+003 , -3.980608e+004 , 4.156558e+003 , -4.051541e+004
2.460000 , 8.766371e+001 , 4.553228e+002 , 2.724880e+003 , -2.083687e+004 , -2.629239e+004 , -9.598551e+002 , 2.289006e+001 , 4.611900e+002 , 2.725447e+003 , -2.090778e+004 , -2.619230e+004 , -1.398497e+003
2.470000 , -1.400182e+002 , 2.514871e+002 , 1.721062e+003 , 3.493787e+004 , -1.955250e+004 , -1.086902e+003 , -1.822189e+002 , 2.584399e+002 , 1.716154e+003 , 3.486818e+004 , -1.972056e+004 , -9.910995e+001
2.480000 , 7.364477e+001 , 2.230421e+002 , 6.637611e+002 , -4.507319e+004 , 5.178684e+003 , 3.395356e+004 , 5.726735e+001 , 2.257216e+002 , 6.650160e+002 , -4.596225e+004 , 5.550476e+003 , 3.266696e+004
2.490000 , 1.453316e+002 , 4.162332e+002 , 3.376611e+003 , 3.710537e+004 , -4.625393e+003 , 8.748343e+003 , 5.032472e+001 , 4.338137e+002 , 3.377812e+003 , 3.681388e+004 , -4.750236e+003 , 9.853144e+003
2.500000 , -7.159105e+002 , 3.455254e+002 , 4.190880e+003 , 3.196232e+004 , -9.656821e+004 , -6.843857e+003 , -8.375287e+002 , 3.715778e+002 , 4.165874e+003 , 3.162128e+004 , -9.677210e+004 , -5.372670e+003
2.510000 , 2.292979e+002 , -2.319634e+002 , 2.539072e+003 , 7.964458e+004 , 5.741792e+004 , -1.966354e+003 , 1.522804e+002 , -2.221556e+002 , 2.545475e+003 , 8.000665e+004 , 5.696569e+004 , 1.205150e+002
2.520000 , 3.775212e+002 , -2.961025e+002 , 1.040564e+003 , 9.152804e+003 , 7.756035e+004 , 2.177835e+004 , 3.469196e+002 , -2.957517e+002 , 1.052547e+003 , 8.976426e+003 , 7.755542e+004 , 2.179817e+004
2.530000 , -2.008496e+002 , -8.286811e+001 , 3.344550e+003 , -4.087665e+004 , -9.631455e+004 , 1.969652e+003 , -2.941541e+002 , -8.020680e+001 , 3.337747e+003 , -4.148969e+004 , -9.604363e+004 , 8.422493e+002
2.540000 , -5.109170e+002 , -1.615498e+002 , 3.923152e+003 , 1.628753e+004 , -7.860587e+004 , 8.062280e+003 , -6.194080e+002 , -1.624620e+002 , 3.906744e+003 , 1.559845e+004 , -7.871406e+004 , 8.409228e+003
2.550000 , 1.475213e+002 , -4.104054e+002 , 3.451172e+003 , -5.404631e+004 , -4.870468e+003 , -8.701551e+003 , 5.026563e+001 , -4.178733e+002 , 3.453220e+003 , -5.381357e+004 , -4.522479e+003 , -1.019609e+004
2.560000 , -7.431268e+001 , -4.510401e+002 , 2.859458e+003 , -4.539246e+003 , -9.760916e+003 , 7.770713e+003 , -1.566593e+002 , -4.574764e+002 , 2.855316e+003 , -4.811957e+003 , -9.752733e+003 , 7.616379e+003
2.570000 , 9.028591e+000 , -2.607461e+002 , 2.210637e+003 , 4.015193e+004 , -1.816381e+004 , 1.996325e+004 , -5.443628e+001 , -2.666227e+002 , 2.209998e+003 , 3.947104e+004 , -1.843870e+004 , 2.103531e+004
2.580000 , 3.591929e+001 , 9.271181e+001 , 2.871950e+003 , -2.185265e+004 , 2.731482e+004 , -1.666491e+003 , -4.477879e+001 , 8.420937e+001 , 2.872105e+003 , -2.165831e+004 , 2.745564e+004 , -2.202910e+003
2.590000 , -4.882069e+000 , -1.199436e+002 , 3.232491e+003 , 8.833418e+004 , -3.020792e+003 , 2.032667e+003 , -9.582789e+001 , -1.297185e+002 , 3.230713e+003 , 8.822149e+004 , -3.423539e+003 , 4.480421e+003
2.600000 , -1.696078e+002 , -8.835676e+001 , 3.585643e+003 , 3.093816e+004 , -6.090129e+004 , -3.961437e+003 , -2.672597e+002 , -9.892454e+001 , 3.579919e+003 , 3.079126e+004 , -6.099719e+004 , -3.353739e+003
2.610000 , -6.506983e+001 , -1.522753e+002 , 2.827892e+003 , 3.162321e+004 , 1.325244e+003 , 2.906421e+003 , -1.394707e+002 , -1.612560e+002 , 2.824587e+003 , 3.153186e+004 , 1.198493e+003 , 3.704981e+003
2.620000 , 2.906908e+002 , -5.202200e+001 , 2.130978e+003 , -2.754467e+004 , 2.273429e+004 , 2.521019e+004 , 2.374753e+002 , -6.078252e+001 , 2.137218e+003 , -2.809940e+004 , 2.272892e+004 , 2.456235e+004
2.630000 , 1.319675e+001 , 6.169272e+001 , 1.618271e+003 , -5.968034e+004 , 3.303612e+003 , -5.737895e+003 , -2.490931e+001 , 5.452150e+001 , 1.618812e+003 , -5.954953e+004 , 3.521635e+003 , -7.146535e+003
2.640000 , 1.228603e+002 , 5.261014e+001 , 2.686058e+003 , 7.105851e+003 , -3.973099e+004 , 9.060443e+003 , 6.078891e+001 , 3.782909e+001 , 2.688166e+003 , 6.786049e+003 , -3.979738e+004 , 9.004447e+003
2.650000 , -3.689188e+002 , -1.835900e+002 , 5.285880e+003 , -1.407768e+004 , -6.568345e+004 , -3.940826e+004 , -4.795833e+002 , -2.139260e+002 , 5.275895e+003 , -1.343161e+004 , -6.541271e+004 , -4.010200e+004
2.660000 , -7.617233e+002 , -3.008395e+002 , 5.143741e+003 , 1.803599e+004 , -1.531299e+005 , -3.604397e+004 , -8.627091e+002 , -3.287417e+002 , 5.126414e+003 , 1.833687e+004 , -1.529572e+005 , -3.658562e+004
2.670000 , -2.639506e+002 , -6.515777e+002 , 3.918663e+003 , -4.129755e+004 , -4.001921e+004 , -2.405366e+004 , -3.319336e+002 , -6.720618e+002 , 3.909962e+003 , -4.097637e+004 , -3.977298e+004 , -2.494622e+004
2.680000 , 1.351227e+002 , -5.191375e+002 , 1.851073e+003 , 5.226478e+004 , 2.453681e+004 , 4.708124e+004 , 1.056200e+002 , -5.282410e+002 , 1.850316e+003 , 5.161255e+004 , 2.419698e+004 , 4.797404e+004
2.690000 , 2.233696e+002 , -7.227737e+001 , 1.815033e+003 , -8.174501e+004 , 6.057587e+004 , 1.579172e+004 , 1.985920e+002 , -8.054764e+001 , 1.817564e+003 , -8.180596e+004 , 6.068306e+004 , 1.495092e+004
2.700000 , 6.886365e+001 , 2.820063e+001 , 2.660226e+003 , -9.211099e+004 , 1.866494e+004 , 8.899124e+003 , 3.576692e+001 , 1.772455e+001 , 2.660983e+003 , -9.216975e+004 , 1.885555e+004 , 7.813171e+003
2.710000 , -5.845562e+002 , 1.096264e+002 , 4.279414e+003 , -1.373811e+005 , -1.675807e+005 , -2.981126e+004 , -6.334260e+002 , 9.593907e+001 , 4.272774e+003 , -1.374422e+005 , -1.671365e+005 , -3.197372e+004
2.720000 , -2.274741e+002 , -4.353864e+000 , 4.316032e+003 , -1.269833e+005 , 4.141723e+003 , -5.534156e+004 , -2.721945e+002 , -1.760635e+001 , 4.313495e+003 , -1.263819e+005 , 4.635766e+003 , -5.667951e+004
2.730000 , 3.815233e+002 , -3.749772e+002 , 3.706076e+003 , -9.101263e+004 , 3.004494e+004 , -3.102917e+003 , 3.476392e+002 , -3.872002e+002 , 3.708261e+003 , -9.090225e+004 , 3.029739e+004 , -3.822769e+003
2.740000 , -2.375231e+002 , -4.978283e+002 , 3.131557e+003 , -6.191671e+004 , -3.216194e+004 , -3.178028e+004 , -2.616129e+002 , -5.065692e+002 , 3.128341e+003 , -6.178989e+004 , -3.188142e+004 , -3.232477e+004
2.750000 , -2.345380e+001 , -6.233509e+001 , 2.300968e+003 , -6.729341e+004 , -3.085316e+004 , 1.864986e+004 , -3.643572e+001 , -6.930075e+001 , 2.300638e+003 , -6.748452e+004 , -3.069107e+004 , 1.817803e+004
2.760000 , -3.930932e+001 , 2.004080e+002 , 2.325407e+003 , -1.155328e+005 , 1.496929e+004 , 2.153501e+002 , -4.813558e+001 , 1.936232e+002 , 2.325868e+003 , -1.154720e+005 , 1.537408e+004 , -2.037196e+002
2.770000 , 3.670141e+002 , -7.230587e+001 , 4.459268e+003 , -1.233860e+005 , -5.856909e+004 , 9.904332e+003 , 3.554124e+002 , -8.319413e+001 , 4.459972e+003 , -1.236314e+005 , -5.813411e+004 , 9.474862e+003
2.780000 , -6.597746e+002 , -1.733916e+002 , 6.259615e+003 , -1.125493e+005 , -9.693353e+004 , -9.223002e+004 , -6.662408e+002 , -1.762363e+002 , 6.258897e+003 , -1.128427e+005 , -9.642000e+004 , -9.242696e+004
2.790000 , -1.374931e+003 , -4.668542e+002 , 6.067704e+003 , -8.812179e+004 , -2.634785e+005 , -8.500299e+004 , -1.372909e+003 , -4.577224e+002 , 6.068920e+003 , -8.923550e+004 , -2.631670e+005 , -8.478252e+004
2.800000 , 2.027356e+002 , -4.513165e+002 , 3.956425e+003 , -1.251374e+005 , 4.175504e+004 , -2.339596e+004 , 2.094180e+002 , -4.447154e+002 , 3.956807e+003 , -1.249798e+005 , 4.226937e+004 , -2.320122e+004
2.810000 , 4.703406e+002 , -3.752006e+002 , 2.449441e+003 , 3.879180e+004 , 4.414959e+004 , 3.284603e+004 , 4.769913e+002 , -3.705221e+002 , 2.448718e+003 , 3.911180e+004 , 4.405678e+004 , 3.261114e+004
2.820000 , -1.470395e+002 , 9.021033e+001 , 3.372825e+003 , 7.281231e+004 , -2.466506e+004 , -1.799234e+003 , -1.323327e+002 , 1.011776e+002 , 3.373141e+003 , 7.268805e+004 , -2.502556e+004 , -2.027355e+003
2.830000 , -7.597193e+001 , 2.703389e+002 , 4.365468e+003 , -1.919422e+004 , -2.898259e+004 , 9.852720e+003 , -5.556519e+001 , 2.832387e+002 , 4.364960e+003 , -1.928234e+004 , -2.885455e+004 , 1.002484e+004
2.840000 , -6.374962e+002 , 4.030780e+002 , 4.533098e+003 , -4.362557e+004 , -1.249945e+005 , -1.200031e+004 , -6.174982e+002 , 4.169601e+002 , 4.534531e+003 , -4.437138e+004 , -1.247856e+005 , -1.152998e+004
2.850000 , 2.210050e+002 , 2.571325e+002 , 2.798030e+003 , -7.062089e+003 , 8.704895e+004 , -8.291748e+003 , 2.319097e+002 , 2.591259e+002 , 2.796971e+003 , -6.555970e+003 , 8.707802e+004 , -8.363337e+003
2.860000 , 2.118833e+002 , 2.831986e+002 , 1.426838e+003 , 3.557229e+003 , -1.027458e+004 , 1.402673e+004 , 2.176206e+002 , 2.817059e+002 , 1.426262e+003 , 3.543192e+003 , -1.030081e+004 , 1.401867e+004
2.870000 , 3.360440e+001 , 2.699334e+002 , 8.208523e+002 , 1.133226e+002 , 1.122748e+004 , 5.229729e+003 , 3.759797e+001 , 2.686098e+002 , 8.216328e+002 , 1.739979e+002 , 1.121120e+004 , 5.241001e+003
2.880000 , 2.838749e+002 , 4.229501e+002 , 4.792788e+003 , -5.776699e+004 , -1.182904e+005 , 3.273368e+004 , 2.999877e+002 , 4.138966e+002 , 4.792670e+003 , -5.838505e+004 , -1.179983e+005 , 3.269487e+004
2.890000 , -1.392089e+003 , 1.263493e+003 , 8.952461e+003 , -4.511617e+004 , -2.900296e+005 , -5.275130e+004 , -1.357979e+003 , 1.266174e+003 , 8.957762e+003 , -4.696758e+004 , -2.897263e+005 , -5.282695e+004
2.900000 , -2.668577e+003 , 4.980998e+002 , 7.059735e+003 , 3.101068e+004 , -4.902777e+005 , -7.514289e+003 , -2.642286e+003 , 5.188343e+002 , 7.068179e+003 , 2.811447e+004 , -4.904601e+005 , -7.287742e+003
2.910000 , 9.115610e+002 , 6.661911e+001 , 2.853831e+003 , -1.182854e+005 , 1.126871e+005 , -3.370909e+004 , 9.199588e+002 , 6.603981e+001 , 2.851013e+003 , -1.176902e+005 , 1.133489e+005 , -3.357925e+004
2.920000 , -3.596534e+002 , -1.432514e+002 , 1.299653e+003 , 1.539742e+005 , -1.384808e+005 , 2.416681e+004 , -3.585146e+002 , -1.381963e+002 , 1.300463e+003 , 1.530950e+005 , -1.394360e+005 , 2.424432e+004
2.930000 , 2.442411e+002 , -2.086509e+002 , 9.911697e+002 , -1.863194e+004 , 5.546404e+004 , 3.389927e+004 , 2.426212e+002 , -2.079826e+002 , 9.916723e+002 , -1.824396e+004 , 5.565789e+004 , 3.377921e+004
2.940000 , 8.058829e+002 , 1.576090e+002 , 2.345254e+003 , -9.744882e+003 , 1.552729e+005 , 2.091116e+004 , 8.018674e+002 , 1.548091e+002 , 2.346827e+003 , -8.667983e+003 , 1.553766e+005 , 2.069178e+004
2.950000 , 6.255531e+002 , 6.010043e+002 , 4.716260e+003 , -1.890733e+004 , 1.142366e+005 , -9.970059e+003 , 6.118037e+002 , 5.988119e+002 , 4.718340e+003 , -1.804226e+004 , 1.143644e+005 , -1.010139e+004
2.960000 , -1.782933e+002 , 6.635654e+002 , 4.892013e+003 , 4.410986e+003 , -3.130475e+004 , -1.579698e+004 , -1.993546e+002 , 6.641157e+002 , 4.891028e+003 , 4.250088e+003 , -3.134000e+004 , -1.578163e+004
2.970000 , -4.193959e+002 , 4.911212e+002 , 3.320147e+003 , -6.376617e+004 , -1.238022e+005 , -1.361898e+003 , -4.391672e+002 , 4.921628e+002 , 3.317405e+003 , -6.467117e+004 , -1.233461e+005 , -1.898323e+003
2.980000 , -6.559764e+001 , 3.124035e+002 , 1.853358e+003 , 2.002449e+004 , -2.443815e+004 , -4.283996e+002 , -7.970163e+001 , 3.112153e+002 , 1.852969e+003 , 1.984527e+004 , -2.458569e+004 , -2.722561e+002
2.990000 , -1.730452e+001 , 4.899393e+001 , 3.870959e+002 , -4.688853e+003 , -1.332407e+004 , 2.611387e+004 , -2.114170e+001 , 4.869855e+001 , 3.869377e+002 , -5.074674e+003 , -1.331770e+004 , 2.604290e+004
3.000000 , 1.649831e+002 , 1.772914e+002 , 1.921917e+003 , 7.596431e+004 , 3.673396e+004 , -8.614209e+002 , 1.419974e+002 , 1.742899e+002 , 1.924026e+003 , 7.623053e+004 , 3.618827e+004 , 1.341350e+002
